rom_path,crc,header_mapper,header_submapper,mapper,submapper,mapper_source,has_autorun,is_valid,parse_error
0/10-Yard Fight (U).nes,3D564757,0,,0,0,rom_db_override,0,1,
0/110-in-1 (Menu).nes,2ED0E5B2,0,,0,,header,0,1,
0/1942 (JU) [p1].nes,7A1281CF,0,,0,0,rom_db_override,0,1,
0/1942 (PC10).nes,171251E3,0,,0,0,rom_db_override,0,1,
0/24-in-1 (Menu) [a1].nes,9110D0BC,0,,0,,header,0,1,
0/2600 Bros (SMB1 Hack).nes,5D656D35,0,,0,,header,0,1,
0/350-in-1 (Menu).nes,FF33A325,0,,0,0,rom_db_override,0,1,
0/3D Block [p1].nes,CAE5382D,0,,0,,header,0,1,
0/3D Block [p2].nes,EFE3D606,0,,0,,header,0,1,
0/4 Nin Uchi Mahjong (J) [h1].nes,67E5C853,0,,0,,header,0,1,
0/4 Nin Uchi Mahjong (J) [p1].nes,FDD89C45,0,,0,,header,0,1,
0/52 Games (Menu) (U) [p1].nes,A3A0162C,0,,0,,header,0,1,
0/54-in-1 (Game Star - GK-54) (Menu) [!].nes,479CA220,0,,0,,header,0,1,
0/58-in-1 (Menu) [p1].nes,2A25F7A3,0,,0,,header,0,1,
0/6-in-1 (Game Star - GK-L01A) (Menu) [!].nes,2000FFC8,0,,0,,header,0,1,
0/76-in-1 (Menu) (U).nes,AD6E96F1,0,,0,,header,0,1,
0/76-in-1 Menu [p1].nes,49638934,0,,0,,header,0,1,
0/ASCII Mario (Final) (No title) (SMB1 Hack).nes,FF263E73,0,,0,,header,0,1,
0/ASCII Mario (Final) (SMB1 Hack).nes,39958F64,0,,0,,header,0,1,
0/Acid Bros (SMB1 Hack).nes,B90C269D,0,,0,,header,0,1,
0/Adventures of Ice Mario (SMB1 Hack).nes,5E863DB6,0,,0,,header,0,1,
0/Afro Mario Bros (Mario Bros Hack).nes,872BFFF4,0,,0,,header,0,1,
0/Akka-Pong (Arkanoid Hack) [a1].nes,0C822AF4,0,,0,,header,0,1,
0/Akka-Pong (Arkanoid Hack).nes,D0A1EF16,0,,0,,header,0,1,
0/Alice Cooper (SMB1 Hack) (Older).nes,1CD09706,0,,0,,header,0,1,
0/Alice Cooper (SMB1 Hack).nes,C23CC4EE,0,,0,,header,0,1,
0/All Night Nippon Super Mario Bros [p1].nes,E2482419,0,,0,,header,0,1,
0/Amiga! Demo (PD) [a1].nes,088CADC8,0,,0,,header,0,1,
0/Amiga! Demo (PD).nes,30ABA0E6,0,,0,,header,0,1,
0/Annoid (Arkanoid Hack).nes,69E8A8B3,0,,0,,header,0,1,
0/Architect (Dr. PC Jr.) (Chinese).nes,4D2C4C89,1,,0,0,rom_db_override,0,1,
0/Arctic Tennis (Tennis Hack).nes,D5E8D258,0,,0,0,rom_db_override,0,1,
0/Arena Mario (SMB1 Hack).nes,D686229B,0,,0,,header,0,1,
0/Arka Boom (Arkanoid Hack).nes,89BF8453,0,,0,,header,0,1,
0/Arkanoid (J) [T-Port].nes,55DCD085,0,,0,,header,0,1,
0/Arkanoid 98 (Arkanoid Hack).nes,89526CDA,0,,0,,header,0,1,
0/Astro Robo Sasa (J) [p1].nes,41496EBD,0,,0,0,rom_db_override,0,1,
0/Atomic Robo-Kid Demo (PD) [a1].nes,B72F42D7,0,,0,,header,0,1,
0/Atomic Robo-Kid Demo (PD).nes,40EB06C4,0,,0,,header,0,1,
0/Austin Kung Fu (Hack).nes,4EDC1678,0,,0,,header,0,1,
0/Autobot Bros (SMB1 Hack).nes,87052AC0,0,,0,,header,0,1,
0/B-Wings (J) [p1].nes,59005CCE,0,,0,0,rom_db_override,0,1,
0/BGColor (PD).nes,BE9E8A36,0,,0,,header,0,1,
0/Babio - Super Baby Bros (Old) (SMB1 Hack).nes,17CC69DA,0,,0,,header,0,1,
0/Babio - Super Baby Bros (SMB1 Hack).nes,B717AA67,0,,0,,header,0,1,
0/Background Music (PD).nes,89FC7816,0,,0,,header,0,1,
0/Bald Mario (SMB1 Hack).nes,D70FC926,0,,0,,header,0,1,
0/Balloon Bros (Final) (SMB1 Hack) [a1].nes,BACA9FA8,0,,0,,header,0,1,
0/Balloon Bros (Final) (SMB1 Hack).nes,7C792EBF,0,,0,,header,0,1,
0/Balloon Fight (E).nes,E54138A9,0,,0,0,rom_db_override,0,1,
0/Balloon Fight (JU) [T-Span0.99].nes,0F5B0DEE,0,,0,,header,0,1,
0/Balloon Fight (JU) [p1].nes,2721E7B3,0,,0,0,rom_db_override,0,1,
0/Balloon Fight (JU).nes,2B462010,0,,0,0,rom_db_override,0,1,
0/Balloon Fight (PC10).nes,2B462010,0,,0,0,rom_db_override,0,1,
0/Balloon Fight (VS) (Player 2 Mode).nes,672BD0E4,0,,0,,header,0,1,
0/Balloon Mario (Joust Hack).nes,A8DA67B7,0,,0,0,rom_db_override,0,1,
0/Balloon_fight.nes,ED6EB6BC,0,,0,0,rom_db_override,0,1,
0/Baltron (J) [p1].nes,77415AD3,0,,0,,header,0,1,
0/Baltron (J) [p2].nes,CBAD8B09,0,,0,0,rom_db_override,0,1,
0/Barney Bros (SMB1 Hack).nes,1192AA4C,0,,0,,header,0,1,
0/Baseball (J) [p1].nes,580E350E,0,,0,0,rom_db_override,0,1,
0/Baseball (PC10) [!].nes,0DE4E22C,0,,0,,header,0,1,
0/Baseball (UE) [!].nes,AFDCBD24,0,,0,0,rom_db_override,0,1,
0/Baseball (VS) (Player 1 Mode).nes,FF84F552,0,,0,,header,0,1,
0/Baseball (VS) (Player 2 Mode).nes,3B00B967,0,,0,,header,0,1,
0/Battle Beasts (Donkey Kong 3 Hack).nes,BCD7E5EA,0,,0,,header,0,1,
0/Battle City (J) [p1].nes,D6DA2A1E,0,,0,,header,0,1,
0/Battle City (J) [p2].nes,57FA9CE3,0,,0,0,rom_db_override,0,1,
0/Battle City (VS) [p1][!].nes,BFD87C08,0,,0,,header,0,1,
0/Battle City 2 (Warpman Hack).nes,B5C23B0C,0,,0,0,rom_db_override,0,1,
0/Battletank 2000 (PD).nes,CFC3A1E4,0,,0,,header,0,1,
0/Beer-aga (Galaga Hack).nes,80A2EFBE,0,,0,0,rom_db_override,0,1,
0/Big Nose Mario (SMB1 Hack).nes,F5A6CB6D,0,,0,,header,0,1,
0/Bigball (Arkanoid Hack).nes,B29E4CF5,0,,0,,header,0,1,
0/Billy Bros (SMB1 Hack).nes,91322665,0,,0,0,rom_db_override,0,1,
0/Binary Land (J) [p1].nes,26624522,0,,0,0,rom_db_override,0,1,
0/Bird Week (J) [hM00].nes,65B96D61,0,,0,,header,0,1,
0/Birdman (Bomberman Collection Hack) [a1].nes,7B1133A3,0,,0,,header,0,1,
0/Birdman (Bomberman Collection Hack).nes,94687B47,0,,0,,header,0,1,
0/Blind Fu (Kung Fu Hack).nes,C2E6ABB9,0,,0,,header,0,1,
0/Blink (SMB1 Hack).nes,F0D02F6A,0,,0,,header,0,1,
0/Blob Muncher (Ms Pac-Man Hack) (Namco).nes,092989CD,0,,0,,header,0,1,
0/Bloody Ax Bros (SMB1 Hack).nes,0590E67B,0,,0,,header,0,1,
0/Bloody Dagger Bros (SMB1 Hack).nes,BBAB02AD,0,,0,,header,0,1,
0/Bokosuka Quest III (Hack).nes,8FE8ADC6,0,,0,0,rom_db_override,0,1,
0/Bokosuka Wars (ASCII Chinese) (Bokosuka Wars Hack).nes,B2BE8228,0,,0,,header,0,1,
0/Bokosuka Wars (J) [h1].nes,E5F9B16F,0,,0,,header,0,1,
0/Bokosuka Wars (J) [p1].nes,43287E79,0,,0,0,rom_db_override,0,1,
0/BombSweeper by SnowBro V0.5 (PD).nes,6DFB1B97,0,,0,0,rom_db_override,0,1,
0/Bomber Mario (Bomberman Hack).nes,4407B612,0,,0,,header,0,1,
0/Bomber Mario v1.00 (SMB1 Hack).nes,C21522BA,0,,0,,header,0,1,
0/Bomber Mario vx.xx (SMB1 Hack).nes,85578104,0,,0,,header,0,1,
0/Bomberman (J) [h1].nes,F514D105,0,,0,,header,0,1,
0/Bomberman (J) [p1].nes,85D79AB2,0,,0,0,rom_db_override,0,1,
0/Bomberman (U).nes,DB9DCF89,0,,0,0,rom_db_override,0,1,
0/Bomberman 97 (Bomberman Collection Hack).nes,E81A0B12,0,,0,,header,0,1,
0/BuB-BoB (Dig Dug Hack).nes,345A5505,0,,0,,header,0,1,
0/Bubbleman (Bomberman Collection Hack).nes,78D184AD,0,,0,,header,0,1,
0/Bud Bros (SMB1 Hack).nes,C63748EB,0,,0,,header,0,1,
0/Burger Time (J) [p1].nes,E6717DC8,0,,0,0,rom_db_override,0,1,
0/Burger Time (U) [!].nes,DAF9D7E3,0,,0,0,rom_db_override,0,1,
0/CIRCUS.NES,E583EC5E,0,,0,,header,0,1,
0/CMC Wavy Demo (PD).nes,F23C035C,0,,0,,header,0,1,
0/Capless Mario and the Bottomless Pit (SMB1 Hack).nes,F94F5B76,0,,0,,header,0,1,
0/CardCaptor Sakura (Tower of Druaga Hack).nes,4BA1756D,0,,0,,header,0,1,
0/Carnage (SMB1 Hack).nes,8DD0A0C4,0,,0,0,rom_db_override,0,1,
0/Censored Mario (Mario Bros Hack).nes,AB971BA9,0,,0,,header,0,1,
0/Challenger (J) [p1].nes,2C163614,0,,0,0,rom_db_override,0,1,
0/Championship Lode Runner (J) [p1].nes,3784AFA0,0,,0,0,rom_db_override,0,1,
0/Chicken Bros (SMB1 Hack).nes,6C6BC330,0,,0,,header,0,1,
0/Chinese Character Demo (PD).nes,2B7C1B67,0,,0,,header,0,1,
0/Chogga (SMB1 Hack).nes,C7CB29EF,0,,0,,header,0,1,
0/Chou Jikuu Yousai - Macross (J) [p1].nes,5E5D5963,0,,0,,header,0,1,
0/Chou Jikuu Yousai - Macross (J) [p2].nes,E61AC1B5,0,,0,,header,0,1,
0/Chou Jikuu Yousai - Macross (J) [p3].nes,7BF1957F,0,,0,0,rom_db_override,0,1,
0/Chubby Cherub (U).nes,77833016,0,,0,0,rom_db_override,0,1,
0/Cikco Charlie (Circus Charlie Hack).nes,E8A789D7,0,,0,,header,0,1,
0/Circus Charlie (J) [T-Swed].nes,BD9F77E1,0,,0,,header,0,1,
0/Circus Charlie (J) [p1].nes,1A39343C,0,,0,,header,0,1,
0/Circus Charlie (J) [p1][a1].nes,CB4D23A6,0,,0,,header,0,1,
0/Circus Charlie (J) [p2].nes,357B18FD,0,,0,0,rom_db_override,0,1,
0/Circus Charlie.nes,1A39343C,0,,0,,header,0,1,
0/Circus Mario (Circus Charlie Hack).nes,E267BD67,0,,0,,header,0,1,
0/Cloud Bros (SMB1 Hack).nes,DC82E7B0,0,,0,,header,0,1,
0/Clu Clu Land (FDS Hack) (J).nes,39B14AB7,0,,0,,header,0,1,
0/Clu Clu Land (JU) [p1].nes,CEC1C64C,0,,0,0,rom_db_override,0,1,
0/Clu Clu Land (JU).nes,48F68D40,0,,0,0,rom_db_override,0,1,
0/Colour Bars Mapper 0 (PD).nes,B78A6A34,0,,0,,header,0,1,
0/Colours Demo (PD) [a1].nes,9382F624,0,,0,,header,0,1,
0/Colours Demo (PD).nes,9874429E,0,,0,,header,0,1,
0/Crappy Mario (SMB1 Hack) [a1].nes,6A407086,0,,0,,header,0,1,
0/Crappy Mario (SMB1 Hack).nes,A7A55AAB,0,,0,,header,0,1,
0/Crazy Coons in Cloud Land (SMB1 Hack).nes,3FB1D48A,0,,0,,header,0,1,
0/Cum Fu (Kung Fu Hack).nes,D2887981,0,,0,,header,0,1,
0/Cure for Cancer (Donkey Kong Hack).nes,8168080F,0,,0,,header,0,1,
0/Cyber Mario (SMB1 Hack).nes,B0D87F82,0,,0,,header,0,1,
0/Defender 2 (U).nes,A2AF25D0,0,,0,0,rom_db_override,0,1,
0/Deformed Bros (SMB1 Hack).nes,0F755640,0,,0,,header,0,1,
0/Devil World (E) [!].nes,0C783F0C,0,,0,0,rom_db_override,0,1,
0/Devil World (J) [p1].nes,8D4E3ECA,0,,0,0,rom_db_override,0,1,
0/Dick & Milk (Nuts & Milk Hack).nes,24D16901,0,,0,,header,0,1,
0/Dick Dug (Dig Dug Hack).nes,7DE8AAE7,0,,0,,header,0,1,
0/Dig Dug (J) [T-Span].nes,9B63C92D,0,,0,,header,0,1,
0/Dig Dug II (J) [p1].nes,BD1A6751,0,,0,0,rom_db_override,0,1,
0/Dig Dug II (U) [!].nes,DBB06A25,0,,0,0,rom_db_override,0,1,
0/Dismembered Mario (SMB1 Hack).nes,C1208F5E,0,,0,,header,0,1,
0/Dithering Demo (PD).nes,4C2B1E1D,0,,0,,header,0,1,
0/Donald Magic.nes,65EFDA4C,0,,0,,header,0,1,
0/Donkey Kong (JU) [T-Norwegian_Just4fun].nes,CAE2ACB4,0,,0,,header,0,1,
0/Donkey Kong (JU) [T-Port_BRGames].nes,677AB50A,0,,0,,header,0,1,
0/Donkey Kong (JU) [T-Span].nes,13B1ECE6,0,,0,,header,0,1,
0/Donkey Kong (JU) [p1].nes,B0E19418,0,,0,0,rom_db_override,0,1,
0/Donkey Kong (JU).nes,6F97C721,0,,0,0,rom_db_override,0,1,
0/Donkey Kong 3 (JUE) [p1].nes,791138D9,0,,0,,header,0,1,
0/Donkey Kong 3 (JUE).nes,B3D74C0D,0,,0,0,rom_db_override,0,1,
0/Donkey Kong Jr. (JU) [p1].nes,6BF61CB5,0,,0,0,rom_db_override,0,1,
0/Donkey Kong Jr. (JU).nes,4864C304,0,,0,0,rom_db_override,0,1,
0/Donkey Kong Jr. Math (U) [p1].nes,8FA53D20,0,,0,0,rom_db_override,0,1,
0/Donkey Kong Jr. Math (U).nes,0504B007,0,,0,0,rom_db_override,0,1,
0/Door Door (J) [p1].nes,6C04B3D9,0,,0,0,rom_db_override,0,1,
0/Dora Bros (Mario Bros Hack).nes,E5EAFCE7,0,,0,,header,0,1,
0/DoraeBomb.nes,8E4695B5,0,,0,0,rom_db_override,0,1,
0/Dough Boy (J) [p1].nes,484B03DB,0,,0,0,rom_db_override,0,1,
0/Dragon Mario Bros (SMB1 Hack).nes,D778F354,0,,0,,header,0,1,
0/Dragon Warrior Mario (Hack).nes,B9BECF77,0,,0,,header,0,1,
0/Duck Hunt (JUE) [h1].nes,827E5DF5,0,,0,,header,0,1,
0/Duck Hunt (JUE) [h2].nes,04A6B46D,0,,0,0,rom_db_override,0,1,
0/Duck Hunt (JUE) [h3].nes,68C1DC36,0,,0,,header,0,1,
0/Duck Hunt (JUE) [p1].nes,13332BFA,0,,0,,header,0,1,
0/Duck Hunt (JUE) [p2].nes,0F263E59,0,,0,0,rom_db_override,0,1,
0/Duck Hunt (JUE).nes,24598791,0,,0,0,rom_db_override,0,1,
0/Duck Hunt (PC10).nes,24598791,0,,0,0,rom_db_override,0,1,
"0/Duel, The by Bokudono (PD).nes",59854AF9,0,,0,,header,0,1,
0/EDS Mario V0.24 (SMB1 Hack).nes,22A38A8B,0,,0,,header,0,1,
0/Elevator Action (J) [p1].nes,6104C630,0,,0,0,rom_db_override,0,1,
0/Elevator Action (U).nes,2AC87283,0,,0,0,rom_db_override,0,1,
0/Elf Kong (Donkey Kong Hack).nes,40BB2BC8,0,,0,,header,0,1,
0/EraserHead (SMB1 Hack).nes,B81E574D,0,,0,0,rom_db_override,0,1,
0/Evil Mario (SMB1 Hack).nes,87FFD6E3,0,,0,,header,0,1,
0/Excitebike (ASCII Chinese) (Excitebike Hack).nes,BE922BE0,0,,0,,header,0,1,
0/Excitebike (E).nes,8A0C7337,0,,0,0,rom_db_override,0,1,
0/Excitebike (JU) [T-Port].nes,4B44207E,0,,0,,header,0,1,
0/Excitebike (JU) [p1].nes,9DA2A676,0,,0,0,rom_db_override,0,1,
0/Excitebike (JU).nes,49AEB3A6,0,,0,0,rom_db_override,0,1,
0/Excitebike (PC10).nes,49AEB3A6,0,,0,0,rom_db_override,0,1,
0/Excitebike Buggy (Hack).nes,B332BB4E,0,,0,,header,0,1,
0/Exed Exes (J) [p1].nes,22A711C6,0,,0,0,rom_db_override,0,1,
0/Exerion (J) [p1].nes,60E5BC39,0,,0,0,rom_db_override,0,1,
0/F-1 Race (J) [p1].nes,F6C7BE70,0,,0,0,rom_db_override,0,1,
0/Facemaker (Dr. PC. Jr.) (Chinese).nes,8CEFAF82,1,,0,0,rom_db_override,0,1,
0/Fade to Black by Frederik Schultz & Morgan Johansson (PD).nes,91D65805,0,,0,,header,0,1,
0/Family Computer - Othello (J) [p1].nes,744C93AE,0,,0,0,rom_db_override,0,1,
0/Field Combat (J) [p1].nes,A6C19E16,0,,0,0,rom_db_override,0,1,
0/Final Fantasy Mario (Final) (SMB1 Hack).nes,7D129BD3,0,,0,,header,0,1,
0/Final Fantasy Mario (Mario Bros Hack).nes,E0968949,0,,0,,header,0,1,
0/Fire Pheonix (Exerion Hack).nes,3A3CD775,0,,0,0,rom_db_override,0,1,
0/Flame Demo (PD).nes,497B9D15,0,,0,,header,0,1,
0/Flappy (J) [p1].nes,0E197A5E,0,,0,0,rom_db_override,0,1,
0/Frank's 1st (Final) (SMB1 Hack).nes,2B13A264,0,,0,,header,0,1,
0/Frank's 2nd (Final) (SMB1 Hack).nes,38B3C1A5,0,,0,,header,0,1,
0/Freddy Vs Jason (SMB1 Hack).nes,125305A8,0,,0,,header,0,1,
0/GK-47-ini1 (Menu).nes,0E60C9EA,0,,0,,header,0,1,
0/Galaga (J) [T-Port].nes,5C60F6EB,0,,0,,header,0,1,
0/Galaga (J) [h1].nes,1A8708C0,0,,0,,header,0,1,
0/Galaga (J) [p1].nes,F8DFDC1E,0,,0,0,rom_db_override,0,1,
0/Galaga (U).nes,1DB07C0D,0,,0,0,rom_db_override,0,1,
0/Galaga Beer Wars (Hack).nes,9EC4C503,0,,0,,header,0,1,
0/Galaxian (J) [p1].nes,D0502E2D,0,,0,0,rom_db_override,0,1,
0/Galg (J) [p1].nes,1347D6C9,0,,0,0,rom_db_override,0,1,
0/Game Genie (PD).nes,2E4CCF46,0,,0,0,rom_db_override,0,1,
0/Game Genie (Unl).nes,2E4CCF46,0,,0,0,rom_db_override,0,1,
0/Game Genie Decoder (PD).nes,B1E84E5B,0,,0,,header,0,1,
0/Game II (PD).nes,65D58246,0,,0,,header,0,1,
0/Game II (Version B) (PD).nes,903B2B17,0,,0,,header,0,1,
0/Geimos (J) [p1].nes,CE94F92F,0,,0,0,rom_db_override,0,1,
0/Giabbit (SMB1 Hack).nes,E8969962,0,,0,,header,0,1,
0/Glass Bros (SMB1 Hack).nes,4CD3FA31,0,,0,,header,0,1,
0/Gold (JU) [p1].nes,BD4BA343,0,,0,0,rom_db_override,0,1,
0/Golf (E).nes,565B1BDB,0,,0,0,rom_db_override,0,1,
0/Golf (JU).nes,5C9063E0,0,,0,0,rom_db_override,0,1,
0/Golf (PC10).nes,E7D2C49D,0,,0,0,rom_db_override,0,1,
0/Gomoku Narabe (J) [p1].nes,0BAA5AB6,0,,0,0,rom_db_override,0,1,
0/Gothic Mario Bros (SMB1 Hack).nes,0E87B8D7,0,,0,0,rom_db_override,0,1,
0/Gradirs V.55 (Seicross Hack).nes,E640CBE3,0,,0,,header,0,1,
0/Graros (Seicross Hack).nes,42BFBB46,0,,0,,header,0,1,
0/Greys Demo (PD).nes,3DB9509A,0,,0,,header,0,1,
0/Gyrodine (J) [p1].nes,2A971204,0,,0,,header,0,1,
0/Gyrodine (J) [p2].nes,833458EF,0,,0,0,rom_db_override,0,1,
0/Gyromite (JUE).nes,023A5A32,0,,0,0,rom_db_override,0,1,
0/Hacked Mario Bros (SMB1 Hack).nes,B63B8F58,0,,0,,header,0,1,
0/Halloween Demo (PD).nes,8BAEDC0E,0,,0,,header,0,1,
0/Hansel & Gretel (SMB1 Hack).nes,30008503,0,,0,0,rom_db_override,0,1,
0/Happy Mario v1.0 (SMB1 Hack).nes,67186DAD,0,,0,,header,0,1,
0/Hayauchi Sokutei Game.nes,C89DA2EB,0,,0,,header,0,1,
0/He-Man (Kung Fu Hack).nes,2FA1E52A,0,,0,,header,0,1,
0/Headless Bros (SMB1 Hack).nes,79E3AE2A,0,,0,,header,0,1,
0/Hobbit Mario (SMB1 Hack).nes,119750DF,0,,0,,header,0,1,
0/Hogan's Alley (JU) [h1].nes,19DF419A,0,,0,,header,0,1,
0/Hogan's Alley (JU) [p1].nes,284E65E8,0,,0,,header,0,1,
0/Hogan's Alley (JU) [p2].nes,7FB320F6,0,,0,,header,0,1,
0/Hogan's Alley (JU).nes,FF24D794,0,,0,0,rom_db_override,0,1,
0/Hogan's Alley (PC10).nes,FF24D794,0,,0,0,rom_db_override,0,1,
0/Hungry Mario (SMB1 Hack).nes,0868AE06,0,,0,,header,0,1,
0/Hydlide (U).nes,77BF8B23,0,,0,0,rom_db_override,0,1,
0/Hydlide Special (J) [h1].nes,863330A6,0,,0,,header,0,1,
0/Hydlide Special (J) [p1].nes,BAAAE9E8,0,,0,0,rom_db_override,0,1,
0/Hyper Mario (SMB1 Hack) [a1].nes,CE51D303,0,,0,,header,0,1,
0/Hyper Mario (SMB1 Hack).nes,467563B0,0,,0,,header,0,1,
0/Hyper Olympic (J) [p1].nes,094E153D,0,,0,0,rom_db_override,0,1,
0/Hyper Sports (J) [p1].nes,B157C806,0,,0,0,rom_db_override,0,1,
0/Ice Climber (ASCII Chinese) (Ice Climber Hack).nes,C75E9375,0,,0,,header,0,1,
0/Ice Climber (JE).nes,0B58880C,0,,0,0,rom_db_override,0,1,
0/Ice Climber (U).nes,FB98D46E,0,,0,0,rom_db_override,0,1,
0/Ice Hockey (FDS Hack) (J).nes,D8E33D5F,0,,0,,header,0,1,
0/Ice Hockey (U).nes,AE64CA77,0,,0,0,rom_db_override,0,1,
0/Ikki (J) [p1].nes,687EBCD7,0,,0,,header,0,1,
0/Ikki (J) [p1][a1].nes,207E618C,0,,0,,header,0,1,
0/Ikki (J) [p1][a2].nes,6607E405,0,,0,,header,0,1,
0/Ikki (J) [p2].nes,9C07FFBE,0,,0,0,rom_db_override,0,1,
0/Interlace Demo 1 (PD).nes,BD031333,0,,0,,header,0,1,
0/Interlace Demo 2 (PD).nes,5B145EEE,0,,0,,header,0,1,
0/Interlace Demo 3 (PD).nes,49AEFAD6,0,,0,,header,0,1,
0/Interlace Demo 4 (PD).nes,8E3C8630,0,,0,,header,0,1,
0/Invisible Mario Bros (SMB1 Hack).nes,1649C27A,0,,0,,header,0,1,
0/Jail Bait (Pac-Man Hack).nes,A9C81388,0,,0,,header,0,1,
0/Jedi Mario Bros (SMB1 Hack).nes,8AEF5B7B,0,,0,0,rom_db_override,0,1,
0/Joust More (Balloon Fight Hack).nes,E03D1E02,0,,0,,header,0,1,
0/Joypad Test Cartridge (U).nes,CD883CDC,0,,0,0,rom_db_override,0,1,
0/Junk Demo (PD).nes,A098EBD2,0,,0,,header,0,1,
0/K-Joust [h1].nes,2C683D8D,0,,0,,header,0,1,
0/Karateka (J) [p1].nes,87883E16,0,,0,0,rom_db_override,0,1,
0/Killerman (Bomberman Collection Hack).nes,DC221EDB,0,,0,,header,0,1,
0/King Fuher (Kung Fu Heroes Hack).nes,8B957B50,0,,0,,header,0,1,
0/King Koopa (Mario Bros Hack).nes,67FB7B43,0,,0,,header,0,1,
0/King Koopa Arcade (Donkey Kong Hack).nes,67FB7B43,0,,0,,header,0,1,
0/Kinnikuman - Muscle Tag Match (J) [p1].nes,B397EDBC,0,,0,0,rom_db_override,0,1,
0/Kirby's Nuts (Nuts & Milk Hack).nes,CCFFAD61,0,,0,,header,0,1,
0/Kiss Goes Golfing starring Ace Frehley (Golf Hack).nes,0373A432,0,,0,,header,0,1,
0/Kiss Goes Golfing starring Gene Simmons (Golf Hack).nes,3B5586C3,0,,0,,header,0,1,
0/Kiss Goes Golfing starring Paul Stanley (Golf Hack).nes,5A032058,0,,0,,header,0,1,
0/Kiss Goes Golfing starring Peter Criss (Golf Hack).nes,A25ED91D,0,,0,,header,0,1,
0/Knome vs KDE Bingo V0.3 (PD).nes,FA36443D,0,,0,,header,0,1,
0/Koopa Invaders (Space Invaders Hack).nes,A6666D02,0,,0,,header,0,1,
0/Kung Fu (PC10).nes,D5C64257,0,,0,0,rom_db_override,0,1,
0/Kung Fu (U) [T-Port].nes,4A47881B,0,,0,,header,0,1,
0/Kung Fu (U) [a1].nes,464A67AB,0,,0,0,rom_db_override,0,1,
0/Kung Fu (U) [p1].nes,E37F82CC,0,,0,,header,0,1,
0/Kung Fu (U).nes,D5C64257,0,,0,0,rom_db_override,0,1,
0/Lesbian Tennis (Tennis Hack).nes,99F7B767,0,,0,,header,0,1,
0/Link Bros (Final) (SMB1 Hack).nes,13E2DA4F,0,,0,0,rom_db_override,0,1,
0/Little Red Hood (HES) [!].nes,71C01B19,0,,0,0,rom_db_override,0,1,
0/Little Red Hood (Xiao Hong Mao) (Joy Van).nes,0C1FE23D,0,,0,0,rom_db_override,0,1,
0/Little Robo-Knight (SMB1 Hack).nes,0944D36B,0,,0,,header,0,1,
0/Lode Runner (J) [h1].nes,3FAAA154,0,,0,,header,0,1,
0/Lode Runner (J) [h2].nes,0A3FC393,0,,0,0,rom_db_override,0,1,
0/Lode Runner (J) [p1].nes,863EE598,0,,0,0,rom_db_override,0,1,
0/Lode Runner (U) [T-Port].nes,948239C1,0,,0,,header,0,1,
0/Lode Runner (U).nes,AF5676DE,0,,0,0,rom_db_override,0,1,
0/Loony Pool (Lunar Ball Hack).nes,C12E6E2A,0,,0,,header,0,1,
"0/Lost Levels 2, The (V03-07-2000) (SMB1 Hack).nes",187E9D07,0,,0,0,rom_db_override,0,1,
0/Luigi & The Xmas Quest (Hack).nes,6BAF639C,0,,0,,header,0,1,
0/Luigi Bros V0.4 (SMB1 Hack) [a1].nes,A3E9A3B7,0,,0,,header,0,1,
0/Luigi Bros V0.4 (SMB1 Hack).nes,215C6AA4,0,,0,,header,0,1,
0/Luigi Wars (Bokosuka Wars Hack).nes,03DA35AD,0,,0,,header,0,1,
0/Luigi and the Christmas Quest (Final) (SMB1 Hack).nes,62933269,0,,0,,header,0,1,
0/Luigi and the Christmas Quest (SMB1 Hack).nes,DFB8B983,0,,0,0,rom_db_override,0,1,
0/Luigi and the New Quest (SMB1 Hack) [a1].nes,EC23EA4D,0,,0,,header,0,1,
0/Luigi and the New Quest (SMB1 Hack) [a2].nes,1D17AD3B,0,,0,,header,0,1,
0/Luigi and the New Quest (SMB1 Hack).nes,4DDB4DCE,0,,0,,header,0,1,
0/Luigi and the New Quest (level & graphics patch) (SMB1 Hack).nes,3CBE8BDD,0,,0,0,rom_db_override,0,1,
0/Luigi and the New Quest (new level patch) (SMB1 Hack).nes,10D86569,0,,0,,header,0,1,
0/Luigi and the New Quest (partial levels patch) (SMB1 Hack).nes,8FC52758,0,,0,,header,0,1,
0/Luigi and the New Quest - Spiffy Version (SMB1 Hack).nes,25DA821F,0,,0,,header,0,1,
0/Luigi's First Quest - Search for Mario (SMB1 Hack).nes,1F3C43E8,0,,0,,header,0,1,
0/Lunar Pool (E).nes,EEE0C7F8,0,,0,,header,0,1,
0/Lunar Pool (U).nes,988B446D,0,,0,0,rom_db_override,0,1,
0/M.U.S.C.L.E. (U).nes,8C1E1336,0,,0,,header,0,1,
0/M82 Game Selectable Working Product Display (E).nes,FCEBCC5F,0,,0,0,rom_db_override,0,1,
0/MMX Demo (PD).nes,7D088863,0,,0,,header,0,1,
0/Mac OS Demo (Large) (PD).nes,8BB4BB5D,0,,0,,header,0,1,
0/Mac OS Demo (Small) (PD).nes,1F726ECB,0,,0,,header,0,1,
0/Mach Rider (E) [!].nes,E57E5384,0,,0,0,rom_db_override,0,1,
0/Mach Rider (JU) [a1].nes,38810A91,0,,0,0,rom_db_override,0,1,
0/Mach Rider (JU) [p1].nes,5D044347,0,,0,,header,0,1,
0/Mach Rider (JU) [p2].nes,A8E39EC6,0,,0,0,rom_db_override,0,1,
0/Mach Rider (JU).nes,59977A46,0,,0,0,rom_db_override,0,1,
0/Magic Jewelry (As) [p1].nes,2E6B1432,0,,0,0,rom_db_override,0,1,
0/Magic Mathematics (C.A.I) (Sachen) [!].nes,19CE7F12,0,,0,0,rom_db_override,0,1,
0/Magmax (J) [p1].nes,1117CE85,0,,0,0,rom_db_override,0,1,
0/Magmax (U) (Prototype).nes,81389607,0,,0,0,rom_db_override,0,1,
0/Magmax (U).nes,3346E19E,0,,0,,header,0,1,
0/Mahjong (VS) (Player 1 Mode).nes,70C7D241,0,,0,,header,0,1,
0/Mahjong (VS) (Player 2 Mode).nes,3F3B4285,0,,0,,header,0,1,
0/Mahjong (VS) [a1].nes,AEFFF79C,0,,0,,header,0,1,
0/Mappy (J) [p1].nes,656196A6,0,,0,0,rom_db_override,0,1,
0/Marc McGuire Bros (SMB1 Hack).nes,7AAD7940,0,,0,,header,0,1,
0/Maria Mario (Chinese SMB1 Hack).nes,F190A18C,0,,0,,header,0,1,
0/Maria Sisters (Mario Bros Hack).nes,EFB7D503,0,,0,,header,0,1,
0/Maria's Golf (Hack) (JU).nes,1D1139CA,0,,0,,header,0,1,
0/Mario 2000 (SMB1 Hack).nes,46A5B598,0,,0,,header,0,1,
0/Mario 2001 (SMB1 Hack) [a1].nes,1D0C00EF,0,,0,,header,0,1,
0/Mario 97 (SMB1 Hack).nes,D00BDEEB,0,,0,,header,0,1,
0/Mario Ball (SMB1 Hack).nes,CBB9406D,0,,0,,header,0,1,
0/Mario Blackman (SMB1 Hack).nes,B0403A3D,0,,0,,header,0,1,
0/Mario Blob (SMB1 Hack).nes,9F673F48,0,,0,,header,0,1,
0/Mario Bomb Jack (Hack).nes,A0194260,0,,0,,header,0,1,
0/Mario Bros (JU) [p1].nes,952F4A23,0,,0,0,rom_db_override,0,1,
0/Mario Bros (JU).nes,C4C3949A,0,,0,0,rom_db_override,0,1,
0/Mario Bros (PC10).nes,C4C3949A,0,,0,0,rom_db_override,0,1,
0/Mario DG Sonic Bros (SMB1 Hack).nes,A4ABABF1,0,,0,,header,0,1,
0/Mario Different Levels (SMB1 Hack) [a1].nes,F0082140,0,,0,,header,0,1,
0/Mario Enhanced (SMB1 Hack).nes,A1FC238B,0,,0,0,rom_db_override,0,1,
0/Mario Fro (SMB1 Hack).nes,9F2BCBD4,0,,0,,header,0,1,
0/Mario Hack 31 (SMB1 Hack).nes,56FF7B46,0,,0,,header,0,1,
0/Mario Hack 63 (SMB1 Hack).nes,7A3CFE4C,0,,0,,header,0,1,
0/Mario Inviso (SMB1 Hack).nes,D1F04897,0,,0,,header,0,1,
0/Mario Knight 1 (SMB1 Hack).nes,F5272648,0,,0,,header,0,1,
0/Mario Line World (SMB1 Hack).nes,E6B16589,0,,0,,header,0,1,
0/Mario MI41 (SMB1 Hack) [a2].nes,F142D84B,0,,0,,header,0,1,
0/Mario MI41 (SMB1 Hack).nes,D50506B7,0,,0,,header,0,1,
0/Mario Mania (SMB1 Hack).nes,D5F7CF75,0,,0,,header,0,1,
0/Mario Mappy (Mappy Hack).nes,884F6D66,0,,0,,header,0,1,
0/Mario Maria (SMB1 Hack).nes,4BA8C016,0,,0,,header,0,1,
0/Mario Marilyn-Manson (SMB1 Hack).nes,06DAF25A,0,,0,,header,0,1,
0/Mario Maze (Bomberman Collection Hack).nes,1949DABB,0,,0,,header,0,1,
0/Mario Nasubi 1 (SMB1 Hack).nes,BE601B68,0,,0,,header,0,1,
0/Mario Nasubi 2 (SMB1 Hack).nes,B4D13B60,0,,0,,header,0,1,
0/Mario Nasubi 3 (SMB1 Hack).nes,E97AD04F,0,,0,,header,0,1,
0/Mario Nude (SMB1 Hack).nes,AC0068B6,0,,0,,header,0,1,
0/Mario Opposite (SMB1 Hack).nes,7EBEB6B0,0,,0,,header,0,1,
0/Mario Runner.nes,573154FF,0,,0,,header,0,1,
0/Mario Spy Vs Spy (Hack) [hM00].nes,90E477DD,0,,0,0,rom_db_override,0,1,
0/Mario Tank & Sub (SMB1 Hack).nes,9CF5DAFB,0,,0,,header,0,1,
0/Mario Tokes A Doobie (SMB1 Hack).nes,7D78CC28,0,,0,,header,0,1,
0/Mario W-256 (SMB1 Hack).nes,1DD107F7,0,,0,,header,0,1,
0/Mario Wish All (SMB1 Hack).nes,5FF9C39F,0,,0,,header,0,1,
0/Mario Zelda (Mario Bros Hack).nes,33CD303E,0,,0,,header,0,1,
0/Mario Zelda (SMB1 Hack) (Old) [a1].nes,86858427,0,,0,,header,0,1,
0/Mario Zelda (SMB1 Hack) (Old) [a2].nes,4CD9DC51,0,,0,,header,0,1,
0/Mario Zelda (SMB1 Hack) (Old).nes,86858427,0,,0,,header,0,1,
0/Mario Zelda (SMB1 Hack).nes,091C6354,0,,0,,header,0,1,
0/Mario and Luigi (Nuts & Milk Hack).nes,E2177790,0,,0,,header,0,1,
0/Mario and Luigi (SMB1 Hack).nes,E61400C4,0,,0,,header,0,1,
0/Mario's Castle (SMB1 Hack).nes,227CF41D,0,,0,,header,0,1,
0/Mario's Hood (SMB1 Hack).nes,F7D9BE08,0,,0,,header,0,1,
0/Mario's Stoneage Adventure (SMB1 Hack).nes,D1653FC7,0,,0,0,rom_db_override,0,1,
0/Marirankaa [a1].nes,54804C8C,0,,0,,header,0,1,
0/Marirankaa.nes,47ECD4DA,0,,0,,header,0,1,
0/Martroid (SMB1 Hack) [a1].nes,77EB78F7,0,,0,,header,0,1,
0/Martroid (SMB1 Hack).nes,A697BB97,0,,0,,header,0,1,
0/Mashou (J) [p1].nes,1D5583FD,0,,0,,header,0,1,
0/Maxi 15 (Menu).nes,F00D928E,0,,0,,header,0,1,
0/Maze Demo (PD).nes,F3DD8FD1,0,,0,,header,0,1,
0/Medievel Bros (SMB1 Hack).nes,9BC09C66,0,,0,,header,0,1,
0/Mega Man Jet Demo (PD).nes,6AAD2985,0,,0,,header,0,1,
0/Midget Mario (SMB1 Hack).nes,9A003D89,0,,0,,header,0,1,
0/Midget Mario v1.2 (SMB1 Hack).nes,DD429E37,0,,0,,header,0,1,
0/Mighty Bomb Jack (J) [hM00].nes,2BB7F34A,0,,0,,header,0,1,
0/Millipede (J) [p1].nes,7FEDC0D7,0,,0,,header,0,1,
0/Millipede (U).nes,AE52DECE,0,,0,0,rom_db_override,0,1,
0/Millipede 2000 (Newer) (Millipede Hack).nes,CEDCD0C0,0,,0,,header,0,1,
0/Millipede 2000 (Older) (Millipede Hack).nes,5CCEC914,0,,0,,header,0,1,
0/Minelvaton Saga (J) [hM04][a1].nes,25DA12AD,0,,0,,header,0,1,
0/Mixed Up Mario Bros (SMB1 Hack).nes,0A6157C5,0,,0,,header,0,1,
0/Monk Warriors (SMB1 Hack).nes,BE44DAA1,0,,0,,header,0,1,
0/Monster Bros (SMB1 Hack).nes,A196D060,0,,0,,header,0,1,
0/Mortal Kombat Bros (SMB1 Hack).nes,EDA38049,0,,0,0,rom_db_override,0,1,
0/Motion Demo (PD).nes,0E8C28F9,0,,0,,header,0,1,
0/Mouser (Beta 1.0) (PD) [a1].nes,50FEF2B8,0,,0,,header,0,1,
0/Mouser (Beta 1.0) (PD).nes,DEB21C9E,0,,0,0,rom_db_override,0,1,
0/Mr. Happyface (Ms Pac-Man Hack).nes,067B03B8,0,,0,,header,0,1,
0/Ms Pac-Man (Namco) (U).nes,B6D2D300,0,,0,0,rom_db_override,0,1,
0/Ms Pac-Man (U).nes,43D30C2F,0,,0,0,rom_db_override,0,1,
0/Mushroom Dreams (V1.1) (SMB1 Hack).nes,8DB94F81,0,,0,,header,0,1,
0/Music Mario Bros (SMB1 Hack).nes,380BB77B,0,,0,,header,0,1,
0/NES PowerPad Test Cart (U) [!].nes,77D59400,0,,0,0,rom_db_override,0,1,
0/NES Test Cart (Official Nintendo) (U) [!].nes,3747CD0B,0,,0,0,rom_db_override,0,1,
0/NES Test Cart (PD).nes,2E0F51AF,0,,0,0,rom_db_override,0,1,
0/NES Test Program by Memblers (PD).nes,5D0CFB5C,0,,0,,header,0,1,
0/NES Tutor 101 (PD).nes,F96D6F39,0,,0,,header,0,1,
0/NESA Audio Player - Little Nemo Sample (Hack).nes,BE03200E,0,,0,,header,0,1,
0/NESA Audio Player - Times of Lore (Hack).nes,99E57458,0,,0,,header,0,1,
0/NEStress (PD).nes,26AAAE05,0,,0,,header,0,1,
0/NTF2 Test Cart (PD).nes,2F4FBBB3,0,,0,0,rom_db_override,0,1,
0/New Strange Mario Bros (SMB1 Hack).nes,023C732C,0,,0,,header,0,1,
0/New Strange Mario Bros (V05-05-2001) (SMB1 Hack).nes,9922218A,0,,0,,header,0,1,
0/New Strange Mario Bros (V05-22-2000) (SMB1 Hack).nes,D035CF2C,0,,0,,header,0,1,
0/New Strange Mario Bros (V05-xx-2000) (SMB1 Hack).nes,CD194856,0,,0,,header,0,1,
0/Nibbles by Damian Yeppick (PD).nes,3095DFCF,0,,0,,header,0,1,
0/Nigger Tennis (Hack).nes,935688E8,0,,0,,header,0,1,
0/Night Arrow.nes,7ABB83D5,0,,0,0,rom_db_override,0,1,
0/Ninja Hattori Kun (J) [p1].nes,04BE2206,0,,0,,header,0,1,
0/Ninja Hattori Kun (J) [p2].nes,208DF309,0,,0,0,rom_db_override,0,1,
0/Ninja Kun (J) [p1].nes,BE8A744D,0,,0,,header,0,1,
0/Ninja Kun (J) [p2].nes,84C00513,0,,0,,header,0,1,
0/Ninja Mario (SMB1 Hack).nes,DEEA8E58,0,,0,,header,0,1,
0/No Moustache Mario (SMB1 Hack).nes,641DDF5C,0,,0,,header,0,1,
0/Nuts & Milk (J) [p1].nes,E2C3F416,0,,0,0,rom_db_override,0,1,
0/Oaty Invaders (Space Invaders Hack).nes,EADF0B97,0,,0,,header,0,1,
0/Obake no Q Tarou - Wanwan Panic (J) [p1].nes,0C7A7B3E,0,,0,0,rom_db_override,0,1,
0/Odd Mario (SMB1 Hack).nes,AC87A8A0,0,,0,,header,0,1,
0/Onyanko Town (J) [p1].nes,FEBF5DC1,0,,0,0,rom_db_override,0,1,
0/Othello (FDS Hack) (J).nes,743963A4,0,,0,,header,0,1,
0/Othello (HES) [p1].nes,1D62F13F,0,,0,0,rom_db_override,0,1,
0/Othello (U).nes,699FA085,0,,0,0,rom_db_override,0,1,
0/PCM Demo (PD).nes,76FB030F,0,,0,,header,0,1,
0/PICLoading (PD).nes,4BBD94E7,0,,0,,header,0,1,
0/PICUnreal (PD).nes,3A1DE69E,0,,0,,header,0,1,
0/PICWindows (PD).nes,72CBBD00,0,,0,,header,0,1,
0/Pac Pac Land (Clu Clu Land Hack).nes,AB1056F5,0,,0,,header,0,1,
0/Pac-Land (J) [p1].nes,F0E89EFA,0,,0,0,rom_db_override,0,1,
0/Pac-Man (J) [p1].nes,E4E3D2ED,0,,0,0,rom_db_override,0,1,
0/Pac-Man (Namco) (E) [!].nes,81210F63,0,,0,0,rom_db_override,0,1,
0/Pac-Man (Tengen) (U) [!].nes,9D38F8F9,0,,0,0,rom_db_override,0,1,
0/Pac-Man (U) (Namco).nes,9E4E9CC2,0,,0,0,rom_db_override,0,1,
0/Pac-Man (U) [!].nes,A9BBF44F,0,,0,0,rom_db_override,0,1,
0/Pac-Man (U) [T-Port].nes,A505375F,0,,0,,header,0,1,
0/Pac-Man Remix (Hack).nes,DDDF1DE7,0,,0,,header,0,1,
0/Pac-Quest (Donkey Kong Hack).nes,F5C5FB9A,0,,0,,header,0,1,
0/Pachi Com (J) [p1].nes,84D0E294,0,,0,0,rom_db_override,0,1,
0/Pacman Bros (SMB1 Hack).nes,208AE02F,0,,0,,header,0,1,
0/PasoFami Demo 2 (TwinBee) (PD).nes,73011AE0,0,,0,,header,0,1,
"0/Penguin & Seal, The (HES) [!].nes",C2F2D3F0,0,,0,,header,0,1,
0/Penguin Kun Wars (J) [h1].nes,404E1FC4,0,,0,,header,0,1,
0/Penguin Kun Wars (J) [p1].nes,DAE467A8,0,,0,0,rom_db_override,0,1,
0/Penisian (Galaxian Hack).nes,0E02EEA4,0,,0,,header,0,1,
0/Phat (SMB1 Hack).nes,44ADFE23,0,,0,,header,0,1,
0/Pikachu Bros (Mario Bros Hack).nes,F41092D8,0,,0,0,rom_db_override,0,1,
0/Pikachu Bros V0.2 (SMB1 Hack).nes,7EF64FC9,0,,0,,header,0,1,
0/Pikachu Bros Vx.x (SMB1 Hack).nes,0A19E129,0,,0,,header,0,1,
0/Pikachu Dig Dug (Hack).nes,561400D7,0,,0,,header,0,1,
0/Pill Bros (SMB1 Hack).nes,7007A4B6,0,,0,,header,0,1,
0/Pinball (E) [!].nes,D6AD4E9D,0,,0,0,rom_db_override,0,1,
0/Pinball (JU) [p1].nes,E4482F96,0,,0,0,rom_db_override,0,1,
0/Pinball (JU).nes,035DC2E9,0,,0,0,rom_db_override,0,1,
0/Pink Floyd - The Wall (Donkey Kong Hack).nes,EBB1C045,0,,0,0,rom_db_override,0,1,
0/Pipe Dream (U).nes,BC065FC3,0,,0,,header,0,1,
0/Polar Pinwheel Demo (PD).nes,3F2FD422,0,,0,,header,0,1,
0/Polar Pop Demo (PD).nes,39D21F90,0,,0,,header,0,1,
0/Polar Rotation 1 Demo (PD).nes,BE2B0B63,0,,0,,header,0,1,
0/Polar Rotation 21 Demo (PD).nes,921BA31C,0,,0,,header,0,1,
0/Polar Rotation 79 Demo (PD).nes,A1B2CC52,0,,0,,header,0,1,
0/Polar Rotation 8 Demo (PD).nes,9C441CA1,0,,0,,header,0,1,
0/Pooyan (J) [p1].nes,C2CFD9D9,0,,0,,header,0,1,
0/Pooyan (J) [p2].nes,B9E2AA77,0,,0,0,rom_db_override,0,1,
0/Popeye (JU) (PRG 0) [T-German].nes,BFD7A3E6,0,,0,,header,0,1,
0/Popeye (JU) (PRG 0) [a1].nes,5581E835,0,,0,0,rom_db_override,0,1,
0/Popeye (JU) (PRG 0) [p1].nes,63DDD219,0,,0,0,rom_db_override,0,1,
0/Popeye (JU) (PRG 0) [p2].nes,FA825D38,0,,0,0,rom_db_override,0,1,
0/Popeye (JU) (PRG 0).nes,5581E835,0,,0,0,rom_db_override,0,1,
0/Popeye (JU) (PRG 1) [!].nes,70860FCA,0,,0,0,rom_db_override,0,1,
0/Poppy's Pinball (Pinball Hack).nes,5458BB02,0,,0,0,rom_db_override,0,1,
0/Port Test Cartridge (U).nes,32E02CB8,0,,0,0,rom_db_override,0,1,
0/Portopia Renzoku Satsujin Jiken (J) [h1].nes,887CE998,0,,0,,header,0,1,
0/Portopia Renzoku Satsujin Jiken (J) [h3].nes,6ECE51DA,0,,0,,header,0,1,
0/Power Pad Test Program by Tennessee Carmel-Veilleux (PD).nes,FCC562B4,0,,0,,header,0,1,
0/Pro Action Replay (E) [!].nes,178DBA78,0,,0,0,rom_db_override,0,1,
0/Pro Action Replay (No Cart Present) (U) [!].nes,4D7D896C,0,,0,0,rom_db_override,0,1,
0/Pro Action Replay (Rev B) (U) [!].nes,0C5F3973,0,,0,0,rom_db_override,0,1,
0/Project Super Mario Bros (SMB1 Hack).nes,DA92D3DF,0,,0,,header,0,1,
0/Puc-Man (Pac-Man Hack).nes,2E3B156B,0,,0,,header,0,1,
0/Puffy! Land (J) [p1].nes,84C94E20,0,,0,,header,0,1,
0/Punk Bros (SMB1 Hack).nes,3DADA328,0,,0,,header,0,1,
0/Punk Tennis (Tennis Hack).nes,DAEF0449,0,,0,,header,0,1,
0/Pyramid (U) (Sachen).nes,2472C3EB,0,,0,0,rom_db_override,0,1,
0/Pyramid (U) [p1].nes,A0ECA0F9,0,,0,0,rom_db_override,0,1,
0/Quest for the Missing Hat (SMB1 Hack) [a1].nes,1CB96248,0,,0,,header,0,1,
0/Quest for the Missing Hat (SMB1 Hack).nes,5BFBC1F6,0,,0,,header,0,1,
0/RGB Demo (PD).nes,49B2EC84,0,,0,,header,0,1,
0/RPG Bros (SMB1 Hack).nes,A7EB1344,0,,0,,header,0,1,
0/Rabbit and Rope (Mappy Hack).nes,61BCE165,0,,0,,header,0,1,
0/Raid on Bungeling Bay (U) [a2].nes,B166DAC9,0,,0,,header,0,1,
0/Raid on Bungeling Bay (U).nes,D308D52C,0,,0,0,rom_db_override,0,1,
0/Raster Chroma Luma Test (PD).nes,D3FF9BF4,0,,0,,header,0,1,
0/Raster Test 1 (PD).nes,5705D910,0,,0,,header,0,1,
0/Raster Test 2 (PD).nes,8B692470,0,,0,,header,0,1,
0/Raster Test 3 (PD).nes,CB069253,0,,0,,header,0,1,
0/Raster Test 3a (PD).nes,2CEA5CCA,0,,0,,header,0,1,
0/Raster Test 3b (PD).nes,44AFCB8D,0,,0,,header,0,1,
0/Raster Test 3c (PD).nes,44A5F245,0,,0,,header,0,1,
0/Raster Test 3d (PD).nes,83FB9E9B,0,,0,,header,0,1,
0/Raster Test 3e (PD).nes,330C3903,0,,0,,header,0,1,
0/Retrocoders Demo for Y2Kode (PD).nes,7799AD7F,0,,0,,header,0,1,
0/Riddler Tennis (Tennis Hack).nes,CEFEECBB,0,,0,,header,0,1,
0/Rikers Quest (SMB1 Hack).nes,9567F7B3,0,,0,,header,0,1,
0/Road Fighter (CCE) (J) [p1].nes,B22C41CD,0,,0,0,rom_db_override,0,1,
0/Road Fighter (E) [!].nes,719571B3,0,,0,0,rom_db_override,0,1,
0/Road Fighter (J) [p1].nes,DB844A39,0,,0,,header,0,1,
0/Robo Mario (SMB1 Hack).nes,444066EB,0,,0,,header,0,1,
0/Rock Lord (Ice Climber Hack).nes,7F68C629,0,,0,,header,0,1,
0/Romman Love (Battle City Hack).nes,A77F5423,0,,0,,header,0,1,
0/Route-16 Turbo (J) [p1].nes,2554F9FD,0,,0,0,rom_db_override,0,1,
0/Rules to Driving the Car (Russian) [!].nes,2AF8332A,0,,0,,header,0,1,
0/Rumble and Frenzy (Mario Bros Hack).nes,D51033AD,0,,0,,header,0,1,
0/Rush (Pac-Man Hack).nes,7936BC91,0,,0,,header,0,1,
0/SMB1 Hard Type (SMB1 Hack) [a2].nes,1D6F8E3F,0,,0,,header,0,1,
0/SMB1 Hard Type (SMB1 Hack) [a3].nes,9E70306D,0,,0,,header,0,1,
0/SMB1 Hard Type (SMB1 Hack) [a4].nes,28CE14C8,0,,0,,header,0,1,
0/SMB1 Hard Type (SMB1 Hack).nes,5001595A,0,,0,,header,0,1,
0/SUP-Noid (Arkanoid Hack).nes,6110B430,0,,0,,header,0,1,
0/Sampled Sound Test (PD).nes,FDAF0389,0,,0,,header,0,1,
0/Satanic Freak Bros (SMB1 Hack).nes,9EC5721D,0,,0,,header,0,1,
0/Sayoonara! by Chris Covell (PD).nes,8ABA85C9,0,,0,,header,0,1,
0/Scranton Bros (SMB1 Hack).nes,105D20EA,0,,0,,header,0,1,
"0/Search for Sting's Mask, The (SMB1 Hack).nes",FC50AFD7,0,,0,,header,0,1,
0/Seicross (U).nes,27AA3933,0,,0,0,rom_db_override,0,1,
0/Skullanoid (Arkanoid Hack).nes,7DC54882,0,,0,,header,0,1,
0/Sky Destroyer (J) [p1].nes,E801F662,0,,0,,header,0,1,
0/Slack Man (Pac-Man Hack).nes,2195E717,0,,0,,header,0,1,
0/Slalom (E).nes,C30848D3,0,,0,0,rom_db_override,0,1,
0/Slalom (U).nes,86670C93,0,,0,0,rom_db_override,0,1,
0/Snow Demo (PD).nes,A38FE9CE,0,,0,,header,0,1,
0/Soccer (E) [!].nes,972D2784,0,,0,0,rom_db_override,0,1,
0/Soccer (FDS Hack) (J).nes,9AEA1383,0,,0,,header,0,1,
0/Soccer (JU) [p1].nes,A08D7CA9,0,,0,0,rom_db_override,0,1,
0/Soccer (JU).nes,27AEAF2F,0,,0,,header,0,1,
0/Sokoban (PD).nes,659BAC67,0,,0,0,rom_db_override,0,1,
0/Son Son (J) [p1].nes,9ADB2AF7,0,,0,0,rom_db_override,0,1,
0/Sonic Bros (SMB1 Hack) [a1].nes,9B803838,0,,0,,header,0,1,
0/Sonic Bros (SMB1 Hack) [a2].nes,2234EC98,0,,0,,header,0,1,
0/Sonic Bros (SMB1 Hack).nes,34C22E01,0,,0,0,rom_db_override,0,1,
0/Sound Test (PD).nes,2192211E,0,,0,,header,0,1,
0/Spartan X (J) [p1].nes,75C94DE2,0,,0,,header,0,1,
0/Spelunker (J) [p1].nes,23B87A6D,0,,0,0,rom_db_override,0,1,
0/Spelunker (U) [!].nes,99D15A91,0,,0,0,rom_db_override,0,1,
0/Sprite 0 Test by Damian Yerrick (PD).nes,C2084DE7,0,,0,,header,0,1,
0/Sprite by Damian Yerrick (PD).nes,BFB4D32C,0,,0,,header,0,1,
0/Spy Vs Spy (E) [!].nes,C1E91D3F,0,,0,0,rom_db_override,0,1,
0/Spy Vs Spy (J) [hM00].nes,3A15B344,0,,0,,header,0,1,
0/Spy Vs Spy (U) [p1].nes,2C4E59FD,0,,0,0,rom_db_override,0,1,
0/Spy Vs Spy (U).nes,869652FE,0,,0,,header,0,1,
0/Sqoon (J) [p1].nes,780F9F28,0,,0,0,rom_db_override,0,1,
0/Sqoon (U).nes,44F34172,0,,0,0,rom_db_override,0,1,
0/Square City (PD).nes,E98AE0BC,0,,0,,header,0,1,
0/Stack-Up (JU).nes,DF67DAA1,0,,0,0,rom_db_override,0,1,
0/Star Force (J) [p1].nes,9BF47143,0,,0,0,rom_db_override,0,1,
0/Star Gate (J) [h1].nes,0A2259FE,0,,0,0,rom_db_override,0,1,
0/Star Luster (J) [p1].nes,57A125B0,0,,0,0,rom_db_override,0,1,
0/Stars - Biology Demo (PD).nes,317B3237,0,,0,,header,0,1,
0/Stars - Field Demo (PD).nes,9F8BD88D,0,,0,,header,0,1,
0/Stars Demo (PD).nes,D54F21C7,0,,0,,header,0,1,
0/Stars SE Demo (PD).nes,E1789032,0,,0,0,rom_db_override,0,1,
0/Strange Mario Bros (SMB1 Hack).nes,3000B0D6,0,,0,,header,0,1,
0/Super 1000000-in-1 (Menu) [p1].nes,CA3F898C,0,,0,,header,0,1,
0/Super 69 Bros (SMB1 Hack).nes,9AE3FEC2,0,,0,,header,0,1,
0/Super Addict Bros (SMB1 Hack).nes,701350FD,0,,0,,header,0,1,
0/Super Almish Bros (SMB1 Hack).nes,7A571FED,0,,0,,header,0,1,
0/Super Arabian (J) [h1].nes,1F59EF24,0,,0,,header,0,1,
0/Super Arabian (J) [h2].nes,70068B54,0,,0,,header,0,1,
0/Super Arabian (J) [p1].nes,8C6631C8,0,,0,,header,0,1,
0/Super Bald Bros (SMB1 Hack).nes,B43DC39C,0,,0,,header,0,1,
0/Super Ball Bros (SMB1 Hack).nes,CBB9406D,0,,0,,header,0,1,
0/Super Bangai Bros (SMB1 Hack).nes,485B7522,0,,0,,header,0,1,
0/Super Battery Bros (SMB1 Hack).nes,3B23229D,0,,0,,header,0,1,
0/Super Beanie Bros (SMB1 Hack).nes,416B03F7,0,,0,,header,0,1,
0/Super Bizzario Bros (SMB1 Hack).nes,3952CBA3,0,,0,,header,0,1,
0/Super Blob Bros (SMB1 Hack) [a1].nes,9DAF9040,0,,0,,header,0,1,
0/Super Blob Bros (SMB1 Hack).nes,9F673F48,0,,0,,header,0,1,
0/Super Bovine Battle (Final) (SMB1 Hack).nes,FEDA9F1D,0,,0,,header,0,1,
0/Super Boze Bros (SMB1 Hack).nes,464B910A,0,,0,,header,0,1,
0/Super Bubba Bros (SMB1 Hack).nes,34B8B86F,0,,0,,header,0,1,
0/Super Bud Bros (SMB1 Hack).nes,A8F61FA0,0,,0,,header,0,1,
0/Super Cigarette Bros (SMB1 Hack).nes,60036938,0,,0,,header,0,1,
0/Super Coffee Bros (SMB1 Hack).nes,12DC7A3C,0,,0,,header,0,1,
0/Super Cool Bros (SMB1 Hack) [a1].nes,BDA28150,0,,0,,header,0,1,
0/Super Cool Bros (SMB1 Hack).nes,543135E4,0,,0,,header,0,1,
0/Super Death Bros (SMB1 Hack) [a1].nes,01080ACC,0,,0,,header,0,1,
0/Super Death Bros (SMB1 Hack).nes,5B662E08,0,,0,,header,0,1,
0/Super Diaper Bros (SMB1 Hack).nes,118ECD88,0,,0,,header,0,1,
0/Super Dirt Bros (SMB1 Hack) [a1].nes,A5E03320,0,,0,,header,0,1,
0/Super Dirt Bros (SMB1 Hack).nes,B04903FA,0,,0,,header,0,1,
0/Super Dragon Bros (SMB1 Hack).nes,C7C5CC2D,0,,0,,header,0,1,
0/Super Fucked Up Bros (SMB1 Hack).nes,23911B92,0,,0,,header,0,1,
0/Super Fucko Bros (SMB1 Hack).nes,DAD4AFAB,0,,0,,header,0,1,
0/Super Grateful Dead Bros 2 (SMB1 Hack).nes,2002A70C,0,,0,,header,0,1,
0/Super KKK Bros (SMB1 Hack).nes,D88661CC,0,,0,,header,0,1,
0/Super Link Bros (SMB1 Hack) [a1].nes,4CD9DC51,0,,0,,header,0,1,
0/Super Link Bros (SMB1 Hack).nes,0ECE5D35,0,,0,,header,0,1,
0/Super Luigi Bros (SMB1 Hack).nes,C82B5490,0,,0,,header,0,1,
0/Super Mario 4 (SMB1 Hack) [a1].nes,42A1A164,0,,0,,header,0,1,
0/Super Mario 4 (SMB1 Hack) [a2].nes,61864C32,0,,0,,header,0,1,
0/Super Mario 4 (SMB1 Hack).nes,2EBB1C40,0,,0,0,rom_db_override,0,1,
0/Super Mario Bros (E) [a1].nes,7A9BE620,0,,0,,header,0,1,
0/Super Mario Bros (E).nes,9A2DB086,0,,0,0,rom_db_override,0,1,
0/Super Mario Bros (FDS Hack) (J).nes,B035DB95,0,,0,,header,0,1,
0/Super Mario Bros (JU) (No Title Hack).nes,8E2BD25C,0,,0,,header,0,1,
0/Super Mario Bros (JU) (PRG 0) [T-Polish1.02].nes,89CE9BD4,0,,0,,header,0,1,
0/Super Mario Bros (JU) (PRG 0) [T-Swed].nes,2AA407C9,0,,0,,header,0,1,
0/Super Mario Bros (JU) (PRG 0).nes,D445F698,0,,0,0,rom_db_override,0,1,
0/Super Mario Bros (JU) (PRG 1) [T-Norwegian_Just4Fun].nes,BF6FD9F3,0,,0,,header,0,1,
0/Super Mario Bros (JU) (PRG 1) [T-Polish1.02].nes,94E21CAE,0,,0,,header,0,1,
0/Super Mario Bros (JU) (PRG 1) [T-Swed].nes,378880B3,0,,0,,header,0,1,
0/Super Mario Bros (JU) (PRG 1) [p1].nes,4898634B,0,,0,,header,0,1,
0/Super Mario Bros (JU) (PRG 1).nes,C96971E2,0,,0,,header,0,1,
0/Super Mario Bros (JU) [h2].nes,C393BB63,0,,0,,header,0,1,
0/Super Mario Bros (JU) [p1].nes,8E2BD25C,0,,0,,header,0,1,
0/Super Mario Bros (JU) [t1].nes,B6965C3D,0,,0,,header,0,1,
0/Super Mario Bros (PC10).nes,D445F698,0,,0,0,rom_db_override,0,1,
0/Super Mario Bros - For Hardplayers (SMB1 Hack).nes,85FF7553,0,,0,,header,0,1,
0/Super Mario Bros 1.5 v1.0 (SMB1 Hack).nes,E297580B,0,,0,,header,0,1,
0/Super Mario Bros 2 (J) (FDS Hack).nes,29068FB5,0,,0,,header,0,1,
0/Super Mario Bros 2000 (SMB1 Hack).nes,29BF076B,0,,0,,header,0,1,
0/Super Mario Bros DX (SMB1 Hack).nes,6B00FC54,0,,0,,header,0,1,
0/Super Mario Bros DX Blues (SMB1 Hack).nes,B57ECA35,0,,0,,header,0,1,
0/Super Mario Bros Enhanced (SMB1 Hack).nes,D69A9529,0,,0,,header,0,1,
0/Super Mario Bros Revisited v4.3 (SMB1 Hack).nes,7C26958E,0,,0,0,rom_db_override,0,1,
0/Super Mario Bros Xtreme (SMB1 Hack).nes,47ABF1C0,0,,0,,header,0,1,
0/Super Mario Happy Clouds (SMB1 Hack) [a1].nes,B275B0A9,0,,0,,header,0,1,
0/Super Mario Happy Clouds (SMB1 Hack).nes,D4120775,0,,0,,header,0,1,
0/Super Mario MCB (SMB1 Hack) [a1].nes,BE828215,0,,0,,header,0,1,
0/Super Mario MCB (SMB1 Hack).nes,B9155947,0,,0,,header,0,1,
0/Super Mario Pro (SMB1 Hack).nes,EB45B746,0,,0,,header,0,1,
0/Super Mario Remix - Toad Bros V.0898 (Hack).nes,B878EF56,0,,0,,header,0,1,
0/Super Mary [p1][!].nes,9FA33CF6,0,,0,,header,0,1,
0/Super Meow Bros (SMB1 Hack).nes,C9829E07,0,,0,,header,0,1,
0/Super Mystery Science Theater 3000 (SMB1 Hack).nes,06D2A80F,0,,0,,header,0,1,
0/Super Naked Badminton (Super Dyna'mix Badminiton Hack).nes,67D3D0E6,0,,0,,header,0,1,
0/Super Ninja Acid Bros (SMB1 Hack).nes,BA5922F5,0,,0,,header,0,1,
0/Super Ninja Bros (SMB1 Hack).nes,81960DC0,0,,0,,header,0,1,
0/Super Odd N Crappy Mario Bros (SMB1 Hack).nes,E7727D5F,0,,0,,header,0,1,
0/Super Peach (SMB1 Hack).nes,13775E20,0,,0,,header,0,1,
0/Super Pika Adventure by MB Hacks (SMB1 Hack).nes,FCDE25EE,0,,0,,header,0,1,
0/Super Pimp Bros (Release 2) (SMB1 Hack).nes,BF208414,0,,0,,header,0,1,
0/Super Pimp Bros (SMB1 Hack).nes,24F2D8A6,0,,0,,header,0,1,
0/Super Punk Bros (SMB1 Hack) [a1].nes,F2E5889C,0,,0,,header,0,1,
0/Super Punk Bros (SMB1 Hack).nes,2E5DB849,0,,0,,header,0,1,
0/Super Rabies Bros (SMB1 Hack).nes,F20458D9,0,,0,,header,0,1,
0/Super Santa Bros (SMB1 Hack).nes,6B90FB20,0,,0,,header,0,1,
0/Super Skater Dudes (SMB1 Hack).nes,D59F31E8,0,,0,,header,0,1,
0/Super Snowboard Bros (SMB1 Hack).nes,6BBDFA86,0,,0,,header,0,1,
0/Super Sperm Bros (SMB1 Hack).nes,FE4E9671,0,,0,,header,0,1,
0/Super Stick Bros v2.1 (SMB1 Hack).nes,98896DAD,0,,0,,header,0,1,
0/Super Tank (Battle City Pirate) (J) [p1].nes,B9C20634,0,,0,,header,0,1,
0/Super Trent Bros (SMB1 Hack).nes,46D2A3C5,0,,0,,header,0,1,
0/Super Wheelchair Mario (SMB1 Hack).nes,133199EB,0,,0,,header,0,1,
0/Super Yoshi (SMB1 Hack).nes,E6A2DC63,0,,0,,header,0,1,
0/Swimmer Mario (SMB1 Hack).nes,992D2D26,0,,0,,header,0,1,
0/TMNT Bros (Rev 1) (SMB1 Hack).nes,DE5A6DBC,0,,0,,header,0,1,
0/Tag Team Pro-Wrestling (J) [p1].nes,64D56316,0,,0,0,rom_db_override,0,1,
0/Tag Team Transformer Pretenders (Tag Team Wrestling Hack).nes,79FF3562,0,,0,,header,0,1,
0/Tag Team Wrestling (U).nes,BF250AF2,0,,0,0,rom_db_override,0,1,
0/Tank & Sub Mario (SMB1 Hack).nes,19576676,0,,0,,header,0,1,
0/Tank Demo (Mapper 0 NTSC) (PD).nes,F9D5AE4A,0,,0,,header,0,1,
0/Tank Demo (Mapper 0 PAL) (PD).nes,DC5930AB,0,,0,,header,0,1,
0/Teknoid (Arkanoid Hack).nes,C46C4125,0,,0,,header,0,1,
0/Tempez Dig Dug (Hack).nes,CC81BAA4,0,,0,,header,0,1,
0/Tennis (E) [!].nes,304FA926,0,,0,0,rom_db_override,0,1,
0/Tennis (JU) [p1].nes,4638FE34,0,,0,0,rom_db_override,0,1,
0/Tennis (JU).nes,D4D9E21A,0,,0,0,rom_db_override,0,1,
0/Tennis (PC10).nes,D4D9E21A,0,,0,0,rom_db_override,0,1,
0/Tennis (VS) (Player 2 Mode).nes,BB63540A,0,,0,,header,0,1,
0/Thexder (J) [p1].nes,4BF72F9D,0,,0,0,rom_db_override,0,1,
0/Tie Fighter (SMB1 Hack) (Old).nes,B96AC600,0,,0,,header,0,1,
0/Tie Fighter (SMB1 Hack).nes,F8B6CB9C,0,,0,,header,0,1,
0/Toaster Bros (SMB1 Hack).nes,A117A3C1,0,,0,,header,0,1,
0/Toilet Mario (SMB1 Hack) [a1].nes,18D5FA13,0,,0,,header,0,1,
0/Toilet Mario (SMB1 Hack).nes,CF8FAC75,0,,0,,header,0,1,
0/Tower of Cardcaptor Sakura (Tower of Druaga Hack).nes,BCC8669D,0,,0,,header,0,1,
"0/Tower of Druaga, The (J) [p1].nes",D7458274,0,,0,0,rom_db_override,0,1,
0/Tower of Zalaga (Tower of Druaga Hack).nes,E8A901FA,0,,0,,header,0,1,
0/TradeMark Mario (SMB1 Hack).nes,9C0218D1,0,,0,,header,0,1,
0/TwinBee (J) (FDS Hack).nes,0287B7B1,0,,0,,header,0,1,
0/U-Force Test Cartridge (U).nes,EE7E61DE,0,,0,0,rom_db_override,0,1,
0/UPS Bros (SMB1 Hack) [a1].nes,67ABEB2C,0,,0,,header,0,1,
0/UPS Bros (SMB1 Hack).nes,0C375F29,0,,0,,header,0,1,
0/Um Chi (Glommy Chess) (Joy Van).nes,4F691FAD,0,,0,0,rom_db_override,0,1,
0/Unicron (Pac-Man Hack).nes,C3A1B9A8,0,,0,,header,0,1,
0/Unknown Multi Cart w-Gremlins 2.nes,2C91E681,0,,0,,header,0,1,
0/Unknown Multi Cart w-Pacmania.nes,DD54F004,0,,0,,header,0,1,
0/Urban Champion (JU) [p1].nes,C96CAF4D,0,,0,0,rom_db_override,0,1,
0/Urban Champion (JU).nes,656D4265,0,,0,0,rom_db_override,0,1,
0/Visual Player by Memblers (PD).nes,730ADB0B,0,,0,,header,0,1,
0/Volguard II [p1].nes,4D825E11,0,,0,0,rom_db_override,0,1,
0/Volleyball (FDS Hack) (J).nes,CFED8D78,0,,0,,header,0,1,
0/Volleyball (PC10).nes,A70C088B,0,,0,,header,0,1,
0/Volleyball (U).nes,27777635,0,,0,0,rom_db_override,0,1,
0/WWF Tennis (Tennis Hack).nes,7DCF4957,0,,0,,header,0,1,
0/Wall Demo (PD).nes,3FBF0480,0,,0,0,rom_db_override,0,1,
0/Warehouse No. 18 (Russian) [!].nes,DC621DD1,0,,0,0,rom_db_override,0,1,
0/Wario Bros (SMB1 Hack).nes,F97C354B,0,,0,,header,0,1,
0/Warpman (J) [p1].nes,B50782C4,0,,0,0,rom_db_override,0,1,
0/Wavy & Stretch Demo V0.3 by Chris Covell (PD).nes,7A2190CD,0,,0,,header,0,1,
0/Weird Mario Bros (SMB1 Hack).nes,5E8507B5,0,,0,,header,0,1,
0/Wild Gunman (PC10).nes,5112DC21,0,,0,0,rom_db_override,0,1,
0/Wild Gunman (U) [!].nes,B8B9ACA3,0,,0,0,rom_db_override,0,1,
0/Wild Gunman (U) [p1].nes,090568DF,0,,0,0,rom_db_override,0,1,
0/Wild Gunman (U).nes,5112DC21,0,,0,0,rom_db_override,0,1,
0/Wilford Kong (Donkey Kong Hack).nes,7DA8AEAD,0,,0,,header,0,1,
0/Wizzy (Formation Z Hack).nes,229E251F,0,,0,,header,0,1,
0/Wolfpack Mario (SMB1 Hack).nes,3C81621C,0,,0,,header,0,1,
0/Wrecking Crew (JUE) [p1].nes,AA2F7D91,0,,0,0,rom_db_override,0,1,
0/Wrecking Crew (JUE) [t1].nes,200F3A3B,0,,0,,header,0,1,
0/Wrecking Crew (JUE).nes,9B506A48,1,,0,0,rom_db_override,0,1,
0/Wrecking Crew (VS) (Player 1 Mode).nes,CE1A8CC7,0,,0,,header,0,1,
0/Wrecking Crew (VS) (Player 2 Mode).nes,CF4E0082,0,,0,,header,0,1,
0/Xevious (E).nes,D745D7CB,0,,0,0,rom_db_override,0,1,
0/Xevious (J) [p1].nes,4706DB1D,0,,0,0,rom_db_override,0,1,
0/Xevious (U).nes,DFD70E27,0,,0,0,rom_db_override,0,1,
0/YY-ALL v0.66e (SMB1 Hack).nes,788B9B4D,0,,0,,header,0,1,
0/YY-SMB v2.55e (SMB1 Hack).nes,5618600D,0,,0,,header,0,1,
0/YY-SMB2 B1 v1.06e (SMB1 Hack).nes,3D3CBD24,0,,0,,header,0,1,
0/YY-SMB2 B1 vx.xx (SMB1 Hack) [a1].nes,619A80E9,0,,0,,header,0,1,
0/YY-SMB2 B1 vx.xx (SMB1 Hack).nes,57B1A523,0,,0,,header,0,1,
0/Yang Jia Jiang - Yang's Troops.nes,3F111334,0,,0,,header,0,1,
0/Yie Ar Kung-Fu (V1.4) (J) [p1].nes,55E17B4E,0,,0,0,rom_db_override,0,1,
0/Yoshi Mario (SMB1 Hack) [a1].nes,0216F897,0,,0,,header,0,1,
0/Yoshi Mario (SMB1 Hack).nes,51975D5B,0,,0,0,rom_db_override,0,1,
0/ZZZ_UNK_All Night Nippon Super Mario Bros [p] (Bad CHR).nes,B1BE99C2,0,,0,,header,0,1,
0/ZZZ_UNK_B-Wings (Bad CHR 9f00397a).nes,9F00397A,0,,0,,header,0,1,
0/ZZZ_UNK_Binary Land (Bad CHR 2c31d7ec).nes,2C31D7EC,0,,0,,header,0,1,
0/ZZZ_UNK_Birdman (Bomberman Collection Hack) (Bad CHR).nes,7B1133A3,0,,0,,header,0,1,
0/ZZZ_UNK_Challenger (Bad CHR f43d10cd).nes,F43D10CD,0,,0,,header,0,1,
0/ZZZ_UNK_Chubby Cherub (Bad CHR 51eedd0e).nes,51EEDD0E,0,,0,,header,0,1,
0/ZZZ_UNK_Clu Clu Land (Bad CHR b2f138fb).nes,B2F138FB,0,,0,,header,0,1,
0/ZZZ_UNK_DIGDUG.nes,49AF5921,1,,0,0,rom_db_override,0,1,
0/ZZZ_UNK_Defender 2 (Bad CHR 4b75f91f).nes,4B75F91F,0,,0,,header,0,1,
0/ZZZ_UNK_Devil World (Bad CHR 818a1d88).nes,818A1D88,0,,0,,header,0,1,
0/ZZZ_UNK_Dig Dug (Bad CHR 2f5d673b).nes,2F5D673B,0,,0,,header,0,1,
0/ZZZ_UNK_Dough Boy (Bad CHR eecefd38).nes,EECEFD38,0,,0,,header,0,1,
0/ZZZ_UNK_Dq2.nes,8184ADCB,0,,0,,header,0,1,
0/ZZZ_UNK_Duck Hunt (Bad CHR 6147b621).nes,6147B621,0,,0,,header,0,1,
0/ZZZ_UNK_FC10001R.nes,E7D1F52F,0,,0,,header,0,1,
0/ZZZ_UNK_FC1173.nes,00000000,0,,0,,header,0,1,
0/ZZZ_UNK_FC1174 (need mapper).nes,00000000,0,,0,,header,0,1,
0/ZZZ_UNK_FC1175 (need mapper).nes,932E22F8,0,,0,,header,0,1,
0/ZZZ_UNK_FC1177 ss123.nes,00000000,0,,0,,header,0,1,
0/ZZZ_UNK_FC1189A.nes,F6444795,0,,0,,header,0,1,
0/ZZZ_UNK_FC1190A.nes,9491A7E4,0,,0,,header,0,1,
0/ZZZ_UNK_FC1206.nes,E6B2985E,0,,0,,header,0,1,
0/ZZZ_UNK_FC2086.nes,9CC60F38,0,,0,,header,0,1,
0/ZZZ_UNK_FC2121.nes,D34A15D9,0,,0,,header,0,1,
0/ZZZ_UNK_FC2122.nes,2E5D1571,0,,0,,header,0,1,
0/ZZZ_UNK_FC2125.nes,1300AC57,0,,0,,header,0,1,
0/ZZZ_UNK_FC2129.nes,AEC540C9,0,,0,,header,0,1,
0/ZZZ_UNK_FC2132.nes,E22053EC,0,,0,,header,0,1,
0/ZZZ_UNK_FC2135.nes,FECBB3AC,0,,0,,header,0,1,
0/ZZZ_UNK_FC3016A.nes,70596C42,0,,0,,header,0,1,
0/ZZZ_UNK_FC3017A.nes,F79D93A0,0,,0,,header,0,1,
0/ZZZ_UNK_FC3024G.nes,9B16B84E,0,,0,,header,0,1,
0/ZZZ_UNK_FC3025G.nes,68822149,0,,0,,header,0,1,
0/ZZZ_UNK_FC3033pacman_multi.nes,1C794822,0,,0,,header,0,1,
0/ZZZ_UNK_FC3036.nes,F5946FDF,0,,0,,header,0,1,
0/ZZZ_UNK_FC3037.nes,A2F7F4FF,0,,0,,header,0,1,
0/ZZZ_UNK_FC3041.nes,5D74D60D,0,,0,,header,0,1,
0/ZZZ_UNK_FC3042.nes,00521037,0,,0,,header,0,1,
0/ZZZ_UNK_FC3043A.nes,1BB09337,0,,0,,header,0,1,
0/ZZZ_UNK_FC3044.nes,7C08D2B9,0,,0,,header,0,1,
0/ZZZ_UNK_FC3045.nes,6D733773,0,,0,,header,0,1,
0/ZZZ_UNK_FC4007elysion.nes,40297613,0,,0,,header,0,1,
0/ZZZ_UNK_FC4042.nes,A3940AAA,0,,0,,header,0,1,
0/ZZZ_UNK_FC4068.nes,8ADF677A,0,,0,,header,0,1,
0/ZZZ_UNK_FC4096.nes,0094750C,0,,0,,header,0,1,
0/ZZZ_UNK_FC4098A.nes,6A94A860,0,,0,,header,0,1,
0/ZZZ_UNK_FC4251.nes,69587E49,0,,0,,header,0,1,
0/ZZZ_UNK_FC4252.nes,AC9F950C,0,,0,,header,0,1,
0/ZZZ_UNK_FC4253.nes,CA13846C,0,,0,,header,0,1,
0/ZZZ_UNK_FC4254.nes,B810F84D,0,,0,,header,0,1,
0/ZZZ_UNK_FC6001.nes,AF3C1651,0,,0,,header,0,1,
0/ZZZ_UNK_FC6002.nes,6139C925,0,,0,,header,0,1,
0/ZZZ_UNK_FC6003.nes,7B30CD38,0,,0,,header,0,1,
0/ZZZ_UNK_FC6019M.nes,7DF808B8,0,,0,,header,0,1,
0/ZZZ_UNK_FC6021M.nes,35D03D92,0,,0,,header,0,1,
0/ZZZ_UNK_FC6023X.nes,6A2A4E63,0,,0,,header,0,1,
0/ZZZ_UNK_FC6024X.nes,F13C1365,0,,0,,header,0,1,
0/ZZZ_UNK_FC8007.nes,7A36CAD2,0,,0,,header,0,1,
0/ZZZ_UNK_Galaxian (Bad CHR).nes,36FE058D,0,,0,,header,0,1,
0/ZZZ_UNK_Gomoku Narabe (Bad CHR 8eab0582).nes,8EAB0582,0,,0,,header,0,1,
0/ZZZ_UNK_Jajamaru.nes,C727F48E,0,,0,,header,0,1,
0/ZZZ_UNK_Mario Zelda (SMB1 Hack) (Bad CHR 80f85bb1).nes,80F85BB1,0,,0,,header,0,1,
0/ZZZ_UNK_Mortal Kombat Bros (SMB1 Hack) (UNL) (40976).nes,5AB3A4E4,0,,0,,header,0,1,
0/ZZZ_UNK_kamikaze.nes,417903D6,0,,0,,header,0,1,
0/ZZZ_UNK_kamikaze2.nes,645AFD72,0,,0,,header,0,1,
0/ZZZ_UNK_kamikaze3.nes,DE98EBF4,0,,0,,header,0,1,
0/ZZZ_UNK_smario.nes,4840FBCD,0,,0,,header,0,1,
0/ZZZ_UNK_smm.nes,C9829E07,0,,0,,header,0,1,
0/ZZZ_UNK_w256 (40976).nes,313C70D9,0,,0,,header,0,1,
0/ZZZ_UNK_wr6 (49168).nes,6EEE1495,0,,0,,header,0,1,
0/Zelda Simulator (PD) [a1].nes,28AF2F7B,0,,0,,header,0,1,
0/Zelda Simulator (PD).nes,D8B4A6C9,0,,0,,header,0,1,
0/Zero Pong (PD).nes,716BF092,0,,0,,header,0,1,
0/Zhong Guo Xiang Qi (As) [p2].nes,E3158E17,0,,0,,header,0,1,
0/Zippy Race (J) [p1].nes,64A0E121,0,,0,0,rom_db_override,0,1,
0/iNES Demo (PD).nes,329C0349,0,,0,0,rom_db_override,0,1,
1/24-in-1 (Menu).nes,1708FFF4,1,,1,,header,0,1,
1/5/Airwolf (E).nes,4D345422,1,,1,5,rom_db_override,0,1,
1/5/Airwolf (U).nes,489EF6A2,1,,1,5,rom_db_override,0,1,
1/5/Anticipation (U).nes,99A9F57E,1,,1,5,rom_db_override,0,1,
1/5/Boulder Dash (E) [!].nes,E5FCC4C1,1,,1,5,rom_db_override,0,1,
1/5/Dr Blario (Dr Mario Hack).nes,1FE4E64A,65,,1,5,rom_db_override,0,1,
1/5/Dr Fred (Dr Mario Hack).nes,4A4B8F1F,65,,1,5,rom_db_override,0,1,
1/5/Dr Manson (Dr Mario Hack).nes,B03087A2,65,,1,5,rom_db_override,0,1,
1/5/Dr Mario (E).nes,9735D267,1,,1,5,rom_db_override,0,1,
1/5/Dr Mario (JU) [h1].nes,6197EC16,1,,1,5,rom_db_override,0,1,
1/5/Dr Mario (JU) [t1].nes,198C2F41,1,,1,5,rom_db_override,0,1,
1/5/Dr Mario (JU).nes,198C2F41,1,,1,5,rom_db_override,0,1,
1/5/Dr Mario (PC10).nes,198C2F41,1,,1,5,rom_db_override,0,1,
1/5/Dr Mario Crystal Clear (Dr Mario Hack).nes,5250C15F,65,,1,5,rom_db_override,0,1,
1/5/Family Feud (U).nes,51BEE3EA,1,,1,5,rom_db_override,0,1,
1/5/Palamedes (J) [t1].nes,C6B5D7E0,1,,1,5,rom_db_override,0,1,
1/5/Palamedes (U).nes,6BB6A0CE,1,,1,5,rom_db_override,0,1,
1/5/Pill Head (Dr Mario Hack).nes,EA026E48,1,,1,5,rom_db_override,0,1,
1/5/RC Pro-Am (E) (PRG 1).nes,46931EA0,1,,1,5,rom_db_override,0,1,
1/5/RC Pro-Am (PC10).nes,AAED295C,1,,1,5,rom_db_override,0,1,
1/5/RC Pro-Am (U) (PRG 1).nes,AAED295C,1,,1,5,rom_db_override,0,1,
1/5/Sesame Street 123 (U).nes,339437F6,1,,1,5,rom_db_override,0,1,
1/5/Sesame Street ABC (U).nes,EC0FC2DE,1,,1,5,rom_db_override,0,1,
1/5/Snake Rattle'n Roll (E).nes,3824F7A5,1,,1,5,rom_db_override,0,1,
1/5/Taboo - The Sixth Sense (U).nes,40ED2A9D,1,,1,5,rom_db_override,0,1,
1/5/Tetris (U) [!].nes,1394F57E,1,,1,5,rom_db_override,0,1,
1/72-in-1 (Menu) [p1].nes,A2EBC5A7,1,,1,,header,0,1,
1/720 (U).nes,49F745E0,1,,1,0,rom_db_override,0,1,
1/AD&D Heroes of the Lance (U).nes,B17574F3,1,,1,0,rom_db_override,0,1,
1/AD&D Hillsfar (U) [!].nes,5DE61639,1,,1,0,rom_db_override,0,1,
1/Abadox (U).nes,B134D713,1,,1,0,rom_db_override,0,1,
1/Action in New York (E).nes,3AC0830A,1,,1,0,rom_db_override,0,1,
"1/Addams Family - Pugsley's Scavenger Hunt, The (U).nes",063E5653,1,,1,0,rom_db_override,0,1,
"1/Addams Family, The (U).nes",65518EAE,1,,1,0,rom_db_override,0,1,
1/Adventures in the Magic Kingdom (E) [!].nes,6B761858,1,,1,0,rom_db_override,0,1,
1/Adventures in the Magic Kingdom (U).nes,5DBD6099,65,,1,0,rom_db_override,0,1,
"1/Adventures of Bayou Billy, The (E).nes",BC9BFFCB,1,,1,0,rom_db_override,0,1,
"1/Adventures of Bayou Billy, The (U).nes",67751094,1,,1,0,rom_db_override,0,1,
1/Adventures of Lolo (U) [!].nes,1E1FBD63,1,,1,,header,0,1,
1/Adventures of Lolo 3 (U).nes,8DD92725,1,,1,0,rom_db_override,0,1,
"1/Adventures of Rad Gravity, The (E).nes",A31142FF,1,,1,0,rom_db_override,0,1,
"1/Adventures of Rad Gravity, The (U).nes",D8EE7669,1,,1,0,rom_db_override,0,1,
1/Adventures of Tom Sawyer (U).nes,6E85D8DD,1,,1,0,rom_db_override,0,1,
1/Air Fortress (U).nes,35C41CD4,1,,1,0,rom_db_override,0,1,
1/Al Unser Jr Turbo Racing (U).nes,5BC9D7A1,1,,1,0,rom_db_override,0,1,
1/All-Pro Basketball (U).nes,934DB14A,1,,1,0,rom_db_override,0,1,
1/American Gladiators (U).nes,1973AEA8,1,,1,0,rom_db_override,0,1,
1/Anti-Hippie Dr Mario (Dr Mario Hack).nes,F66A19C7,1,,1,,header,0,1,
1/Aoki Ookami to Shiroki Mejika - Genghis Khan (J) [h1].nes,067BD24C,1,,1,,header,0,1,
1/Attack of the Killer Tomatoes (U).nes,7C6F615F,1,,1,0,rom_db_override,0,1,
1/Aussie Rules Footy (E) [!].nes,D630EE8F,1,,1,0,rom_db_override,0,1,
1/Back to the Future 2 & 3 (U).nes,37BA3261,1,,1,0,rom_db_override,0,1,
1/Bad News Baseball (U).nes,40DAFCBA,65,,1,0,rom_db_override,0,1,
1/Bad Street Brawler (U).nes,1AE7B933,1,,1,0,rom_db_override,0,1,
1/Barbie (U) (Rev 3).nes,18B249E5,1,,1,0,rom_db_override,0,1,
1/Barbie (U) (Rev X).nes,5B6CA654,1,,1,0,rom_db_override,0,1,
"1/Bard's Tale - Tales of the Unknown, The (U) [!].nes",9B821A83,1,,1,0,rom_db_override,0,1,
"1/Bard's Tale - Tales of the Unknown, The (U) [h1].nes",FD17E704,1,,1,,header,0,1,
1/Barker Bill's Trick Shooting (U).nes,4318A2F8,1,,1,0,rom_db_override,0,1,
1/Baseball Simulator 1.000 (U).nes,1F6EA423,1,,1,0,rom_db_override,0,1,
1/Baseball Stars (U).nes,40D159B6,1,,1,0,rom_db_override,0,1,
1/Bases Loaded (U).nes,DAEE19F2,1,,1,0,rom_db_override,0,1,
1/Bases Loaded 2 (U).nes,B9CF171F,1,,1,0,rom_db_override,0,1,
1/Basterd Master (Blaster Master Hack).nes,625DA1B3,1,,1,0,rom_db_override,0,1,
1/Battle Chess (U).nes,2C2DDFB4,65,,1,0,rom_db_override,0,1,
"1/Battle of Olympus, The (E).nes",A97567A4,1,,1,0,rom_db_override,0,1,
"1/Battle of Olympus, The (U).nes",6B53006A,65,,1,0,rom_db_override,0,1,
1/Big Bird's Hide and Speak (U).nes,FDE1C7ED,1,,1,0,rom_db_override,0,1,
1/Bigfoot (U).nes,F6FA4453,1,,1,,header,0,1,
1/Bill & Ted's Excellent Video Game Adventure (U).nes,C4B6ED3C,1,,1,0,rom_db_override,0,1,
1/Bionic Commando (E).nes,FA7EE642,1,,1,0,rom_db_override,0,1,
1/Bionic Commando (U).nes,D2574720,1,,1,0,rom_db_override,0,1,
1/Bionic Commando 99 (Hack).nes,6D10930F,1,,1,0,rom_db_override,0,1,
1/Blaster Master (E).nes,8106E694,1,,1,0,rom_db_override,0,1,
1/Blaster Master (U) (Prototype).nes,B683A856,1,,1,0,rom_db_override,0,1,
1/Blaster Master (U).nes,3F0FD764,65,,1,0,rom_db_override,0,1,
1/Bomberman 2 (U).nes,1EBB5B42,1,,1,0,rom_db_override,0,1,
1/Bomberman Collection (U) [p1].nes,D8C49881,1,,1,,header,0,1,
1/Boulder Dash (U).nes,0364C3EC,1,,1,,header,0,1,
"1/Boy and His Blob - Trouble on Blobolonia, A (E).nes",8ECBC577,1,,1,0,rom_db_override,0,1,
"1/Boy and His Blob - Trouble on Blobolonia, A (U).nes",4D1AC58C,1,,1,0,rom_db_override,0,1,
1/Break Time (U).nes,5F0BCE2A,1,,1,0,rom_db_override,0,1,
1/Breakthru (U).nes,A5E8D2CD,1,,1,0,rom_db_override,0,1,
1/Bubble Bobble (E).nes,C99B690A,1,,1,0,rom_db_override,0,1,
1/Bubble Bobble (Hack).nes,02FBDEC4,1,,1,,header,0,1,
1/Bubble Bobble (U) [T-Span0.99].nes,6720321B,1,,1,,header,0,1,
1/Bubble Bobble (U).nes,5E900522,1,,1,0,rom_db_override,0,1,
1/Bubble Bobble (USA).nes,5E900522,1,,1,0,rom_db_override,1,1,
1/Bubble Bobble Shitmongers (Hack) [a1].nes,A89F7349,1,,1,,header,0,1,
1/Bubble Bobble Shitmongers (Hack).nes,2A84BBFD,1,,1,,header,0,1,
"1/Bugs Bunny Crazy Castle, The (U).nes",E50A9130,1,,1,0,rom_db_override,0,1,
1/Bugs Bunny Fun House (Prototype) (U).nes,AE97627C,1,,1,0,rom_db_override,0,1,
1/Burris Warrior (Dragon Warrior Hack).nes,55F4C66B,1,,1,,header,0,1,
1/Buzzcut Commando (Hack).nes,FDCB16B1,1,,1,,header,0,1,
1/Caffeine Bros (SMB1 Hack).nes,E149E07E,1,,1,,header,0,1,
1/Captain Tsubasa (J) [T-Eng].nes,CC8407BA,1,,1,,header,0,1,
1/Castlevania 2 - Simon's Quest (E) [T-Swed1.0_ATLAS].nes,77C6714E,1,,1,,header,0,1,
1/Castlevania 2 - Simon's Quest (E) [T-Swed1.0_MH].nes,1A5601A0,1,,1,,header,0,1,
1/Castlevania 2 - Simon's Quest (E).nes,D6F7383E,1,,1,0,rom_db_override,0,1,
1/Castlevania 2 - Simon's Quest (U) [T-Port].nes,468C5DFB,1,,1,,header,0,1,
1/Castlevania 2 - Simon's Quest (U) [T-Swed1.0].nes,F04E2A59,1,,1,,header,0,1,
1/Castlevania 2 - Simon's Quest (U) [T-Swed1.0_MH].nes,BA9831CE,1,,1,,header,0,1,
1/Castlevania 2 - Simon's Quest (U) [h1].nes,D782BD93,1,,1,,header,0,1,
1/Castlevania 2 - Simon's Quest (U).nes,C471E42D,1,,1,0,rom_db_override,0,1,
1/Castlevania 2 - Vengence of Hell (Hack).nes,BFADCA20,1,,1,0,rom_db_override,0,1,
1/Castlevania 2 - Vengence on Hell (Hack).nes,E0727E4B,1,,1,0,rom_db_override,0,1,
1/Championship Rally (A) [!].nes,C076D66F,1,,1,0,rom_db_override,0,1,
1/Chaos World (J) [T-Eng0.06a].nes,00FE4298,1,,1,,header,0,1,
1/Chaos World (J) [T-Eng0.98].nes,67005694,1,,1,,header,0,1,
"1/Chessmaster, The (U).nes",D7F6320C,1,,1,0,rom_db_override,0,1,
1/Chip 'n Dale Rescue Rangers (E).nes,84F7FC31,1,,1,0,rom_db_override,0,1,
1/Chip 'n Dale Rescue Rangers (PC10) [!].nes,FA14597E,1,,1,,header,0,1,
1/Chip 'n Dale Rescue Rangers (U) [!].nes,8BF29CB6,1,,1,0,rom_db_override,0,1,
1/Chip 'n Dale Rescue Rangers (U) [T-Port].nes,B70954CD,1,,1,,header,0,1,
1/Chip 'n Dale Rescue Rangers (U) [T-Swed].nes,0F814F75,1,,1,,header,0,1,
1/Chip 'n Dale Rescue Rangers 2 (U).nes,FC5783A7,1,,1,0,rom_db_override,0,1,
1/Chocobo DW V0.3 (Dragon Warrior Hack).nes,59D3AF71,1,,1,,header,0,1,
1/Choujin Sentai - Jetman (J) [T-Eng].nes,418B1090,1,,1,0,rom_db_override,0,1,
1/Chuka Taisen (J) [T-Eng].nes,C8337611,1,,1,0,rom_db_override,0,1,
1/Circus Caper (U).nes,D152FB02,65,,1,0,rom_db_override,0,1,
1/Clash At Demonhead (U) [a1].nes,86B9B068,1,,1,,header,0,1,
1/Clash At Demonhead (U).nes,82AFA828,1,,1,0,rom_db_override,0,1,
1/Cobra Command (U).nes,2D75C7A9,65,,1,0,rom_db_override,0,1,
1/Cocoron (J) [T-Eng1.0].nes,81293104,1,,1,0,rom_db_override,0,1,
1/Colour Bars MMC1 (PD).nes,DBA45C7A,1,,1,,header,0,1,
1/Conflict (U) [!].nes,32CF4307,1,,1,0,rom_db_override,0,1,
1/Cool World (U).nes,D73AA04C,1,,1,0,rom_db_override,0,1,
1/Corvette ZR-1 Challenge (E) [!].nes,14255C57,1,,1,0,rom_db_override,0,1,
1/Cosmic Wars (J) [T-Eng0.993].nes,2046D812,1,,1,,header,0,1,
1/Cosmo Police - Galivan (J) [T-Eng].nes,16F6BC65,1,,1,0,rom_db_override,0,1,
1/Dai Senryaku (J) [T-Eng1.0].nes,E784989E,1,,1,0,rom_db_override,0,1,
1/Dance Aerobics (U).nes,9E382EBF,1,,1,0,rom_db_override,0,1,
1/Darkman (U).nes,398B8182,1,,1,0,rom_db_override,0,1,
1/Darkwing Duck (E).nes,66F6A39E,1,,1,0,rom_db_override,0,1,
1/Darkwing Duck (U) (Prototype).nes,8DB43824,1,,1,0,rom_db_override,0,1,
1/Darkwing Duck (U) [T-German0.99].nes,29B2D8D8,1,,1,,header,0,1,
1/Darkwing Duck (U) [T-Port].nes,0768ABEA,1,,1,,header,0,1,
1/Darkwing Duck (U).nes,5DCE2EEA,1,,1,0,rom_db_override,0,1,
1/Datsugoku (CTC Pirate) (J) [p1][!].nes,D2CCBACF,1,,1,,header,0,1,
1/Dave Warrior (Dragon Warrior Hack).nes,F056D0C3,1,,1,,header,0,1,
1/Day Dreamin' Davey (U).nes,E145B441,1,,1,0,rom_db_override,0,1,
1/Death Dodge Ball (Super Dodge Ball Hack).nes,A81B9443,1,,1,,header,0,1,
1/Deep Dungeon 3 - Yuushi heno Tabi (J) [T-Eng].nes,DA4B8EB9,1,,1,,header,0,1,
1/Deep Dungeon 4 - Kuro no Youjutsushi (J) [T-Eng1.0].nes,4EDC5E95,1,,1,,header,0,1,
1/Defender of the Crown (E).nes,68F9B5F5,1,,1,0,rom_db_override,0,1,
1/Defender of the Crown (U).nes,28FB71AE,1,,1,0,rom_db_override,0,1,
1/Desert Commander (U).nes,68EC97CB,1,,1,0,rom_db_override,0,1,
1/Destiny of an Emperor (U).nes,A558FB52,1,,1,0,rom_db_override,0,1,
1/Dezaemon (J) [T-Eng1.1].nes,70636601,1,,1,0,rom_db_override,0,1,
1/Dezaemon (J) [T-Eng1.1][a1].nes,4FF1B09A,1,,1,,header,0,1,
1/Dezaemon (J) [T-Eng1.1][a2].nes,D0DC6B7A,1,,1,,header,0,1,
1/Dezaemon (J) [T-Eng_Lago].nes,2052D38E,1,,1,,header,0,1,
1/Die Hard (U).nes,085DE7C9,1,,1,0,rom_db_override,0,1,
1/Doraemon - The Revenge of Giga Zombie (J) [T-Eng1.0].nes,CC6AD67B,1,,1,0,rom_db_override,0,1,
1/Double Dragon (E).nes,A1A0C13F,1,,1,0,rom_db_override,0,1,
1/Double Dragon (Nude Hack).nes,FCB8B0DE,1,,1,,header,0,1,
1/Double Dragon (PC10).nes,1E66861F,1,,1,,header,0,1,
1/Double Dragon (U) [h1].nes,17FFFAB3,1,,1,,header,0,1,
1/Double Dragon (U).nes,0F1CC048,1,,1,0,rom_db_override,0,1,
1/Double Dragon - RCR Edition V0.5a (Hack).nes,C68178E1,1,,1,,header,0,1,
1/Double Dragon 4 [p1].nes,12B57E82,1,,1,0,rom_db_override,0,1,
1/Dr Hatio V1.0 (Dr Mario Hack).nes,C58532DA,1,,1,,header,0,1,
1/Dr Jekyll and Mr Hyde (U).nes,4D3FBA78,1,,1,0,rom_db_override,0,1,
1/Dr Mario (JU) [a1].nes,6D3CAD6E,1,,1,,header,0,1,
1/Dr Mario (JU) [a2].nes,1C275BD2,1,,1,,header,0,1,
1/Dr Mario (PC10) [a1].nes,539EF686,1,,1,,header,0,1,
1/Dr Mario (VS).nes,2B85420E,1,,1,0,rom_db_override,0,1,
1/Drac's Night Out (Prototype) (U) [!].nes,4232C609,1,,1,0,rom_db_override,0,1,
1/Dragon Destiny V0.12 (Destiny of an Emperor Hack).nes,A1550137,1,,1,,header,0,1,
1/Dragon Fighter (U).nes,A166548F,65,,1,0,rom_db_override,0,1,
1/Dragon Pervert (New) (Dragon Warrior Hack).nes,F970DC12,1,,1,,header,0,1,
1/Dragon Pervert (Old) (Dragon Warrior Hack).nes,D6419E1E,1,,1,,header,0,1,
1/Dragon Warrior (CRTJ) (U) [h1].nes,023A2D57,1,,1,,header,0,1,
1/Dragon Warrior (EDS) (U) [h1].nes,CEDC1B62,1,,1,,header,0,1,
1/Dragon Warrior (U) (PRG 0) [h1].nes,B6AFC77F,1,,1,,header,0,1,
1/Dragon Warrior (U) (PRG 0) [h2].nes,C00C2BFD,1,,1,,header,0,1,
1/Dragon Warrior (U) (PRG 0).nes,3B3F88F0,1,,1,0,rom_db_override,0,1,
1/Dragon Warrior (U) (PRG 1).nes,2545214C,1,,1,0,rom_db_override,0,1,
1/Dragon Warrior (U) [T-Port1.1].nes,EC1EBE01,1,,1,,header,0,1,
1/Dragon Warrior 2 (U).nes,8C5A784E,1,,1,0,rom_db_override,0,1,
1/Dragon Warrior 3 (U) [T-Port1.1].nes,9549652C,1,,1,,header,0,1,
1/Dragon Warrior 3 (U).nes,A86A5318,1,,1,0,rom_db_override,0,1,
1/Dragon Warrior 3 Special Ed. V0.5 (U) [h1].nes,39EEEE89,1,,1,,header,0,1,
1/Dragon Warrior 4 (U).nes,506E259D,1,,1,0,rom_db_override,0,1,
1/Dragon Warrior Enhanced (Hack).nes,B6AFC77F,1,,1,,header,0,1,
1/Dragon Warrior Special Ed. V1.3 (Hack).nes,1BB09390,1,,1,,header,0,1,
1/Dragon Warrior Trip (Dragon Warrior Hack) [a1].nes,87D140A0,1,,1,,header,0,1,
1/Dragon Warrior Trip (Dragon Warrior Hack).nes,966F484D,1,,1,,header,0,1,
1/Dragoon X (Dragon Warrior Hack) [a1].nes,BB795284,1,,1,,header,0,1,
1/Dragoon X (Dragon Warrior Hack).nes,F86A2FBF,1,,1,,header,0,1,
1/Dragoon X Omega V0.91 (Dragon Warrior Hack).nes,149134DF,1,,1,,header,0,1,
1/Dragoon X Omega V0.98 (Dragon Warrior Hack).nes,26D8FD71,1,,1,,header,0,1,
1/Dragoon X Omega Vx.xx (Dragon Warrior Hack).nes,AF632CA5,1,,1,,header,0,1,
1/Dungeon Magic - Sword of the Elements (U).nes,23C3FB2D,1,,1,0,rom_db_override,0,1,
1/Dusty Diamond's All-Star Softball (U).nes,38B590E4,65,,1,0,rom_db_override,0,1,
1/Dynablaster (E).nes,34BB757B,1,,1,0,rom_db_override,0,1,
1/Dynowarz - Destruction of Spondylus (U).nes,BDE93999,1,,1,0,rom_db_override,0,1,
1/EDS Zelda (Hack).nes,42512014,1,,1,,header,0,1,
1/Eliminator Boat Duel (U).nes,059E0CDF,1,,1,0,rom_db_override,0,1,
1/Elite (E).nes,A4BDCC1D,1,,1,0,rom_db_override,0,1,
1/Elite (PD).nes,BC7485B5,1,,1,0,rom_db_override,0,1,
1/Ernie & The Muppets Take It All Off (Sesame Street ABC Hack).nes,D05CEA69,1,,1,,header,0,1,
1/Esper Zelda Latin (Hack).nes,4A20F40C,1,,1,,header,0,1,
1/Esperanto Zelda (Zelda Hack) [a1].nes,2FA389B2,1,,1,,header,0,1,
1/Esperanto Zelda (Zelda Hack).nes,2FA389B2,1,,1,,header,0,1,
1/Evanoid (Metroid Hack).nes,6DB582F6,1,,1,,header,0,1,
1/Evert & Lendl Top Player's Tennis (U).nes,F99E37EB,1,,1,0,rom_db_override,0,1,
1/Evil Dead (Zelda 2 Hack).nes,5EEA106C,1,,1,0,rom_db_override,0,1,
1/Excitebike Mario (Hack).nes,51ADE72C,1,,1,,header,0,1,
1/Fall of the Moon v1.0 (Zelda Hack).nes,F4649E87,1,,1,,header,0,1,
1/Fantasy of Darkness (FF1 Hack).nes,EACBA02E,1,,1,,header,0,1,
1/Faria (U).nes,45F03D2E,1,,1,0,rom_db_override,0,1,
1/Faxanadu (E) [T-German1.2_GTrans].nes,3AE2B0C1,1,,1,,header,0,1,
1/Faxanadu (E) [T-Germanx.x].nes,443546CA,1,,1,,header,0,1,
1/Faxanadu (E).nes,76C161E3,1,,1,0,rom_db_override,0,1,
1/Faxanadu (U) [T-French].nes,44EFC63D,1,,1,,header,0,1,
1/Faxanadu (U) [T-Port].nes,A8038203,1,,1,,header,0,1,
1/Faxanadu (U).nes,57DD23D1,1,,1,0,rom_db_override,0,1,
1/Ferrari - Grand Prix Challenge (U) [!].nes,CE77B4BE,1,,1,0,rom_db_override,0,1,
1/Ferrari - Grand Prix Challenge (U) [p1][!].nes,1EEB3A4E,1,,1,,header,0,1,
1/Fester's Quest (PC10).nes,B6BF5137,1,,1,0,rom_db_override,0,1,
1/Fester's Quest (U) (Prototype).nes,F471827D,1,,1,0,rom_db_override,0,1,
1/Fester's Quest (U) [h1].nes,3523214B,1,,1,,header,0,1,
1/Fester's Quest (U).nes,B6BF5137,1,,1,0,rom_db_override,0,1,
1/Final Fantasy (J) (V1.3 Char Hack).nes,8A635CF5,1,,1,,header,0,1,
1/Final Fantasy (U) [T-French2.1].nes,EB841623,1,,1,,header,0,1,
1/Final Fantasy (U) [T-French].nes,6BCE50C8,1,,1,,header,0,1,
1/Final Fantasy (U) [T-Port].nes,AFB52A66,1,,1,,header,0,1,
1/Final Fantasy (U) [T-Span1.0].nes,9FA3F6BB,1,,1,,header,0,1,
1/Final Fantasy (U) [T-Span2.0].nes,C3E64829,1,,1,,header,0,1,
1/Final Fantasy (U) [a1].nes,B8B88130,1,,1,,header,0,1,
1/Final Fantasy (U) [h1].nes,083C9CB1,1,,1,,header,0,1,
1/Final Fantasy (U) [h2].nes,B2472CE8,1,,1,,header,0,1,
1/Final Fantasy (U) [h3].nes,E59B627C,1,,1,,header,0,1,
1/Final Fantasy (U) [h4].nes,172F5E6C,1,,1,,header,0,1,
1/Final Fantasy (U).nes,CEBD2A31,1,,1,0,rom_db_override,0,1,
1/Final Fantasy 2 (J) [T-Eng1.02].nes,A5A19AF5,1,,1,,header,0,1,
1/Final Fantasy 2 (J) [T-Eng1.03].nes,0F4FF4A0,1,,1,,header,0,1,
1/Final Fantasy 2 (J) [T-Eng1.0].nes,B41BBADF,1,,1,,header,0,1,
1/Final Fantasy 7 (FF1 Hack).nes,D9BF6614,1,,1,,header,0,1,
1/Final Fantasy Amazon (Hack).nes,F8001AA2,1,,1,,header,0,1,
1/Final Fantasy Another Story (Hack).nes,3DDBAE4E,1,,1,,header,0,1,
1/Final Fantasy Christmas (Hack).nes,4DF814BA,1,,1,,header,0,1,
1/Final Fantasy Dark Cecil (Hack).nes,E0AE2B75,1,,1,,header,0,1,
1/Final Fantasy Epica (V1.7) (FF1 Hack).nes,38715578,1,,1,,header,0,1,
1/Final Fantasy Epica (V1.9a) (FF1 Hack).nes,CB6229FC,1,,1,,header,0,1,
1/Final Fantasy Forever (Hack) [a1].nes,C8B2B741,1,,1,,header,0,1,
1/Final Fantasy Forever (Hack).nes,E0AE2B75,1,,1,,header,0,1,
1/Final Fantasy Funny (FF1 Hack).nes,B73D0B97,1,,1,,header,0,1,
1/Final Fantasy Remix (Hack) [a1].nes,C8914F09,1,,1,,header,0,1,
1/Final Fantasy Remix (Hack).nes,EA17BD05,1,,1,,header,0,1,
1/Final Fantasy Special Edition (FF1 Hack).nes,01CEE21D,1,,1,,header,0,1,
1/Final Fantasy XR (Hack).nes,B8B88130,1,,1,,header,0,1,
1/Final Fantasy Z (FF1 Hack).nes,32B961C8,1,,1,,header,0,1,
1/Final Fantasy by Phin (Hack).nes,EA57B631,1,,1,,header,0,1,
"1/First New Quest, The (V6-23) (Zelda Hack).nes",6CC50407,1,,1,,header,0,1,
1/Flying Warriors (U).nes,10180072,1,,1,0,rom_db_override,0,1,
1/Formula One Built To Win (U) [!].nes,5A8B4DA8,1,,1,0,rom_db_override,0,1,
1/Four Players Tennis (E) [!].nes,48B8EE58,1,,1,0,rom_db_override,0,1,
1/Frankenstein - The Monster Returns (U).nes,E943EC4D,65,,1,0,rom_db_override,0,1,
1/Freedom Force (U) [!].nes,3E58A87E,1,,1,0,rom_db_override,0,1,
1/Ganon's Revenge v1.0 (Zelda Hack).nes,D359E02E,1,,1,,header,0,1,
1/Ganon's Revenge v1.1 (Zelda Hack) [a1].nes,A8A71C8A,1,,1,,header,0,1,
1/Ganon's Revenge v1.1 (Zelda Hack).nes,93368B81,1,,1,,header,0,1,
1/Ganon's Revenge vx.x (Zelda Hack).nes,FC4A4B2C,1,,1,,header,0,1,
1/Genghis Khan (U).nes,2225C20F,1,,1,0,rom_db_override,0,1,
1/Ghostbusters 2 (U).nes,2AE97660,1,,1,0,rom_db_override,0,1,
1/Ghoul School (U).nes,2BC25D5A,1,,1,0,rom_db_override,0,1,
1/Goal! (E).nes,C0103592,1,,1,0,rom_db_override,0,1,
1/Goal! (U).nes,84148F73,1,,1,0,rom_db_override,0,1,
1/Godzilla - Monster of Monsters! (E).nes,46480432,1,,1,0,rom_db_override,0,1,
1/Godzilla - Monster of Monsters! (U).nes,74386F15,1,,1,0,rom_db_override,0,1,
1/Godzilla 2 - War of the Monsters (U).nes,9FB32923,1,,1,0,rom_db_override,0,1,
1/Golf Grand Slam (U).nes,CF5F8AF0,65,,1,0,rom_db_override,0,1,
1/Golgo 13 - Top Secret Episode (U) [T-Span].nes,08ADC2D4,1,,1,,header,0,1,
1/Golgo 13 - Top Secret Episode (U).nes,F532F09A,1,,1,0,rom_db_override,0,1,
1/Goomba's Revenge (SMB1 Hack).nes,84AFD3C2,1,,1,,header,0,1,
"1/Great Waldo Search, The (U).nes",2DFF7FDC,1,,1,0,rom_db_override,0,1,
1/Greg Norman's Golf Power (U).nes,1352F1B9,1,,1,0,rom_db_override,0,1,
1/Guerrilla War (U).nes,6DECD886,65,,1,0,rom_db_override,0,1,
1/Happy Boy and His Blob (Hack).nes,2F9D1000,1,,1,,header,0,1,
1/Harlem Globetrotters (U).nes,2E6EE98D,65,,1,0,rom_db_override,0,1,
1/Hatris (U).nes,841B69B6,1,,1,0,rom_db_override,0,1,
1/Heavy Shreddin' (U).nes,EB15169E,1,,1,0,rom_db_override,0,1,
1/Herakles no Eikou 2 - Titan no Metsubou (J) [T-Eng0.13_Toma].nes,0DEB3B1E,1,,1,,header,0,1,
1/Herakles no Eikou 2 - Titan no Metsubou (J) [T-Eng1.0].nes,A690AED7,1,,1,,header,0,1,
1/Herakles no Eikou 2 - Titan no Metsubou (J) [T-Eng1.1].nes,37BAD0FF,1,,1,,header,0,1,
1/Herakles no Eikou 2 - Titan no Metsubou (J) [T-Eng1.3].nes,7B334784,1,,1,,header,0,1,
1/Herakles no Eikou 2 - Titan no Metsubou (J) [T-Eng1.3][a1].nes,7B334784,1,,1,,header,0,1,
1/Herakles no Eikou 2 - Titan no Metsubou (J) [T-Eng_SpoonyBard].nes,F7537E2D,1,,1,,header,0,1,
1/Hiryuu no Ken 2 - Dragon no Tsubasa (J) [h1].nes,0A68452E,1,,1,,header,0,1,
1/Hook (E).nes,BF888B75,1,,1,0,rom_db_override,0,1,
1/Hook (U).nes,D8230D0E,1,,1,0,rom_db_override,0,1,
1/Hoops (U).nes,F4615036,1,,1,0,rom_db_override,0,1,
1/Hudson Hawk (U).nes,5A4F156D,1,,1,0,rom_db_override,0,1,
1/Hyaku no Sekai no Monogatari - The Tales on a Watery Wilderness (J) [T-Eng.99999.837].nes,44824AA4,1,,1,,header,0,1,
1/Hyaku no Sekai no Monogatari - The Tales on a Watery Wilderness (J) [T-Eng1.0].nes,BC6E36C1,1,,1,,header,0,1,
1/Hyaku no Sekai no Monogatari - The Tales on a Watery Wilderness (J) [T-Eng4-16-99].nes,79FD9DA0,1,,1,,header,0,1,
1/Hyaku no Sekai no Monogatari - The Tales on a Watery Wilderness (J) [T-Eng].nes,2C94C35C,1,,1,,header,0,1,
1/Icarus in The Hood (Kid Icarus Hack).nes,9699A587,1,,1,,header,0,1,
1/Ikari 3 - The Rescue (U).nes,567E1620,65,,1,0,rom_db_override,0,1,
1/Ikari Warriors 2 - Victory Road (U).nes,4F467410,1,,1,0,rom_db_override,0,1,
1/Indiana Jones and the Last Crusade (Taito) (U).nes,8BCA5146,1,,1,0,rom_db_override,0,1,
1/International Cricket (E) [!].nes,A66D5150,1,,1,0,rom_db_override,0,1,
1/International Cricket (Prototype) (E).nes,99C88648,1,,1,0,rom_db_override,0,1,
1/Iron Tank (U).nes,B14EA4D2,65,,1,0,rom_db_override,0,1,
1/Journey to Silius (U) [T-Port].nes,99446168,1,,1,,header,0,1,
1/Journey to Silius (U) [T-Span1.0].nes,5047CDB4,1,,1,,header,0,1,
1/Journey to Silius (U).nes,E2C4EDCE,1,,1,0,rom_db_override,0,1,
1/Kero Kero Keroppi no Dai Bouken 2 - Donuts Ike ha Oosawagi! (J) [T-Eng.9].nes,8EB11E94,1,,1,,header,0,1,
1/Kero Kero Keroppi no Dai Bouken 2 - Donuts Ike ha Oosawagi! (J) [T-Eng1.0].nes,E68F5C57,1,,1,0,rom_db_override,0,1,
1/Keroppi to Keroriinu no Splash Bomb! (J) [T-Eng1.0].nes,5A3A8843,1,,1,0,rom_db_override,0,1,
1/Kid Icarus (Parthena no Kagami - Hikari Shinwa) (UE) [T-Jap].nes,66D65A58,1,,1,,header,0,1,
1/Kid Icarus (Parthena no Kagami - Hikari Shinwa) (UE) [T-Jap][a1].nes,924525D0,1,,1,,header,0,1,
1/Kid Icarus (UE) [T-German1.0].nes,F040DDC4,1,,1,,header,0,1,
1/Kid Icarus (UE).nes,D770C1A9,1,,1,,header,0,1,
1/Kid Niki - Radical Ninja (U) (PRG 0).nes,8192D2E7,1,,1,0,rom_db_override,0,1,
1/Kid Niki - Radical Ninja (U) (PRG 1) [!].nes,A9415562,1,,1,0,rom_db_override,0,1,
1/Knight Rider (U).nes,EBCFE7C5,1,,1,0,rom_db_override,0,1,
1/Lee Trevino's Fighting Golf (U) [h1].nes,2BD1903A,1,,1,,header,0,1,
1/Lee Trevino's Fighting Golf (U).nes,88E1A5F4,1,,1,0,rom_db_override,0,1,
"1/Legend of Pokemon, The (Hack).nes",71BB1278,1,,1,,header,0,1,
"1/Legend of Prince Valiant, The (E).nes",FD7E9A7E,1,,1,0,rom_db_override,0,1,
"1/Legend of Zelda, The (U) (PRG 0).nes",3FE272FB,1,,1,0,rom_db_override,0,1,
"1/Legend of Zelda, The (U) (PRG 1) [T-Norwegian_Just4Fun].nes",3B952243,1,,1,,header,0,1,
"1/Legend of Zelda, The (U) (PRG 1).nes",EAF7ED72,1,,1,0,rom_db_override,0,1,
"1/Legend of Zelda, The (U) [T-French0.95].nes",12E74918,1,,1,,header,0,1,
"1/Legend of Zelda, The (U) [T-German].nes",2E836E86,1,,1,,header,0,1,
"1/Legend of Zelda, The (U) [T-Port].nes",649AFB33,1,,1,,header,0,1,
"1/Legend of Zelda, The (U) [T-Span1.1].nes",B65E3FC7,1,,1,,header,0,1,
"1/Legend of Zelda, The (U) [T-Swed0.9-MH].nes",963DD19F,1,,1,,header,0,1,
"1/Legend of Zelda, The (U) [T-Swed1.02b].nes",73E7566C,1,,1,,header,0,1,
"1/Legend of Zelda, The (U) [T-Swed1.02b][a1].nes",8294FB45,1,,1,,header,0,1,
"1/Legend of Zelda, The (Zelda 'Editable' Hack).nes",5C39E715,1,,1,,header,0,1,
"1/Legend of Zelda, The - Special Edition (Hack).nes",CB0AEC53,1,,1,,header,0,1,
1/Legend of the Ghost Lion (U).nes,04766130,1,,1,0,rom_db_override,0,1,
"1/Legendo of Zelda, The (Hack).nes",47DCDE4B,1,,1,,header,0,1,
1/Lemmings (U).nes,A69F29FA,1,,1,0,rom_db_override,0,1,
1/Lethal Weapon (U).nes,7077B075,1,,1,0,rom_db_override,0,1,
1/Little League Baseball - Championship Series (U).nes,859C65E1,1,,1,0,rom_db_override,0,1,
1/M.U.L.E. (U).nes,0939852F,1,,1,0,rom_db_override,0,1,
1/Magic Darts (U).nes,5EB8E707,1,,1,0,rom_db_override,0,1,
1/Magic Johnson's Fast Break (U).nes,96FCDC5F,1,,1,,header,0,1,
"1/Magic of Scheherazade, The (U).nes",92197173,65,,1,0,rom_db_override,0,1,
1/Maniac Mansion (E).nes,F59CFC3D,1,,1,0,rom_db_override,0,1,
1/Maniac Mansion (SW).nes,3F2BDA65,1,,1,0,rom_db_override,0,1,
1/Maniac Mansion (U).nes,0D9F5BD1,1,,1,0,rom_db_override,0,1,
1/Mario & Yoshi (E) [!].nes,836685C4,1,,1,0,rom_db_override,0,1,
1/Mario Dragon (Double Dragon Hack) [a1].nes,015A3F9C,1,,1,,header,0,1,
1/Mario Dragon (Double Dragon Hack) [a2].nes,13A0A0E3,1,,1,,header,0,1,
1/Mario Dragon (Double Dragon Hack).nes,3C9B05FF,1,,1,,header,0,1,
1/Mario Fantasy Adventure (FF1 Hack).nes,1CBB3389,1,,1,,header,0,1,
1/Mario Open Golf (PC10) [!].nes,1C554D9B,1,,1,,header,0,1,
1/Mario Warrior (Dragon Warrior Hack) [a1].nes,D6FF1625,1,,1,0,rom_db_override,0,1,
1/Mario Warrior (Dragon Warrior Hack).nes,D6FF1625,1,,1,0,rom_db_override,0,1,
1/Mechanized Attack (U).nes,5EE6008E,1,,1,0,rom_db_override,0,1,
1/Mega Man 2 (E) [!].nes,A6638CBA,1,,1,0,rom_db_override,0,1,
1/Mega Man 2 (U) [T-French1.0].nes,D4530350,1,,1,,header,0,1,
1/Mega Man 2 (U) [T-German1.01].nes,C230157A,1,,1,,header,0,1,
1/Mega Man 2 (U) [T-German].nes,209ADB14,1,,1,,header,0,1,
1/Mega Man 2 (U) [T-German][a1].nes,89014FFD,1,,1,,header,0,1,
1/Mega Man 2 (U) [T-Port].nes,321BF243,1,,1,,header,0,1,
1/Mega Man 2 (U) [h1].nes,012877A5,1,,1,,header,0,1,
1/Mega Man 2 (U).nes,0FCFC04D,1,,1,0,rom_db_override,0,1,
1/Metal Mech (U).nes,05378607,1,,1,0,rom_db_override,0,1,
1/Metroid (Dirty Pair Hack).nes,485A3045,1,,1,,header,0,1,
1/Metroid (E) [!].nes,7751588D,1,,1,0,rom_db_override,0,1,
1/Metroid (PC10).nes,70080810,1,,1,0,rom_db_override,0,1,
1/Metroid (U) [T-French].nes,3298A38F,1,,1,,header,0,1,
1/Metroid (U) [T-Italian].nes,36D48290,1,,1,,header,0,1,
1/Metroid (U) [T-Swed].nes,01268B4D,1,,1,,header,0,1,
1/Metroid (U).nes,70080810,1,,1,0,rom_db_override,0,1,
1/Metroid - Zebian Illusion (Metroid Hack).nes,FC572F72,1,,1,,header,0,1,
1/Metroid Alpha (Hack).nes,C55D8967,1,,1,,header,0,1,
1/Metroid Challenge (Metroid Hack).nes,FCA18A44,1,,1,,header,0,1,
1/Metroid Challenge V0.55 (Metroid Hack).nes,ADDBA9B0,1,,1,,header,0,1,
1/Metroid Mario (Hack).nes,FDF3F5D3,1,,1,,header,0,1,
1/Metroid TSI (Hack).nes,6ED19B51,1,,1,,header,0,1,
1/Metroid X (V1.0) (Metroid Hack).nes,2EE4ADAA,1,,1,,header,0,1,
1/Metroid Zelda (Hack).nes,181783D4,1,,1,,header,0,1,
1/Mini Putt (J) [T-Eng1.0].nes,AE199BA7,1,,1,,header,0,1,
"1/Miracle Piano Teaching System, The (U).nes",92C138E4,1,,1,0,rom_db_override,0,1,
1/Mirai Senshi - Lios (J) [T-Eng1.00].nes,F683E0EC,1,,1,0,rom_db_override,0,1,
1/Moblin's Tale v1.0 (Zelda Hack).nes,78BD921C,1,,1,,header,0,1,
"1/Molblin's Tale, The (Zelda Hack).nes",ADA80D95,1,,1,,header,0,1,
"1/Monkey of Zelda, The (Zelda Hack).nes",71309F2B,1,,1,,header,0,1,
"1/Monkey of Zelda, The v1.1 (Zelda Hack).nes",9BE53D5F,1,,1,,header,0,1,
1/Monkey on LSD (Zelda Hack).nes,A46D3F30,1,,1,,header,0,1,
1/Monopoly (U).nes,9747AC09,1,,1,0,rom_db_override,0,1,
1/Monster Party (U) [T-Span1.0].nes,7FB88CDA,1,,1,,header,0,1,
1/Monster Party (U).nes,02B9E7C2,65,,1,0,rom_db_override,0,1,
1/Motor City Patrol (U).nes,0A0926BD,1,,1,0,rom_db_override,0,1,
1/Mr. Saturn's Dragon Quest v1.21 (Dragon Warrior Hack).nes,B422291E,1,,1,,header,0,1,
1/Mr. Saturn's Dragon Quest vx.xx (Dragon Warrior Hack).nes,F7315425,1,,1,,header,0,1,
1/Muppet Adventure - Chaos at the Carnival (U).nes,7156CB4D,65,,1,0,rom_db_override,0,1,
1/Musashi no Bouken (J) [T-Eng0.98].nes,7851B794,1,,1,0,rom_db_override,0,1,
1/Musashi no Bouken (J) [T-Eng_Partial].nes,7851B794,1,,1,0,rom_db_override,0,1,
"1/Mutant Virus, The (U).nes",7DCB4C18,1,,1,0,rom_db_override,0,1,
1/My Metroid (Hack).nes,245D61F9,1,,1,,header,0,1,
1/NES Open Tournament Golf (U) [a1].nes,5A4549A9,1,,1,,header,0,1,
1/NES Open Tournament Golf (U).nes,F6B9799C,1,,1,0,rom_db_override,0,1,
1/NES Scrolling Test by Lasse Oorni (Cadaver) (PD).nes,8E6704F4,1,,1,,header,0,1,
1/NES Sound Test by Lasse Oorni (Cadaver) (PD).nes,B40A06F5,1,,1,,header,0,1,
1/Nazi Dr Mario (Dr Mario Hack).nes,C1CCF4D7,1,,1,,header,0,1,
1/New Ghostbusters 2 (E) [!].nes,F0C198FF,1,,1,0,rom_db_override,0,1,
1/New Ghostbusters 2 (J) [p1][hM01].nes,27B29870,1,,1,,header,0,1,
1/Nigel Mansell's World Championship Challenge (U).nes,4751A751,1,,1,0,rom_db_override,0,1,
1/Ninja Gaiden (PC10).nes,7C4A72D8,1,,1,0,rom_db_override,0,1,
1/Ninja Gaiden (U) [T-Port1.0].nes,FB17FEFC,1,,1,,header,0,1,
1/Ninja Gaiden (U) [T-Port].nes,2F71C8F5,1,,1,,header,0,1,
1/Ninja Gaiden (U) [T-Swed0.9].nes,70101932,1,,1,,header,0,1,
1/Ninja Gaiden (U) [a1].nes,C3377EC0,1,,1,,header,0,1,
1/Ninja Gaiden (U) [a2].nes,316EB515,1,,1,,header,0,1,
1/Ninja Gaiden (U).nes,7C4A72D8,1,,1,0,rom_db_override,0,1,
1/Nobunaga's Ambition (U).nes,4642DDA6,1,,1,0,rom_db_override,0,1,
1/Nude Barbie (Beta 1) (Barbie Hack).nes,54C52353,1,,1,,header,0,1,
1/Operation Wolf (U).nes,EDC3662B,1,,1,0,rom_db_override,0,1,
1/Orb 3D (U).nes,958E4BAE,1,,1,0,rom_db_override,0,1,
1/Overlord (U).nes,2856111F,1,,1,0,rom_db_override,0,1,
1/POW - Prisoners of War (U) [T-Port].nes,1B95B4BF,1,,1,,header,0,1,
1/POW - Prisoners of War (U).nes,75255F88,1,,1,0,rom_db_override,0,1,
1/Palette Test by Loopy (PD).nes,82A274A5,1,,1,,header,0,1,
1/Parasol Stars - The Story of Bubble Bobble 3 (E) [!].nes,B1C937C8,1,,1,0,rom_db_override,0,1,
1/Phantom Fighter (U).nes,CC37094C,1,,1,0,rom_db_override,0,1,
1/Pictionary (U).nes,DC02F095,1,,1,0,rom_db_override,0,1,
1/Pimpdaddy Link (Zelda 2 Hack).nes,5017BFC6,1,,1,,header,0,1,
1/Pinball Quest (U) [a1].nes,94E187C9,1,,1,,header,0,1,
1/Pinball Quest (U).nes,2538D860,1,,1,0,rom_db_override,0,1,
1/Pinball Wars (Pinball Quest Hack).nes,8C75A0B6,1,,1,,header,0,1,
1/Pirates! (U).nes,3D0996B2,1,,1,0,rom_db_override,0,1,
1/Platoon (U) (PRG 0).nes,B3769A51,1,,1,0,rom_db_override,0,1,
1/Platoon (U) (PRG 1) [!].nes,695515A2,1,,1,0,rom_db_override,0,1,
1/Platoon (VS) [a1].nes,31678411,1,,1,,header,0,1,
1/Predator (U).nes,A7DE65E4,1,,1,0,rom_db_override,0,1,
1/Princess Tomato in Salad Kingdom (U).nes,56756615,1,,1,0,rom_db_override,0,1,
1/Propeller Master (Blaster Master Hack).nes,083AEA82,1,,1,0,rom_db_override,0,1,
1/Qix (U).nes,95E4E594,1,,1,0,rom_db_override,0,1,
1/Quest of Zelda V0.15 (Zelda Hack).nes,A6E39D53,1,,1,,header,0,1,
"1/Quest of Zelda, The (Hack).nes",46AE34C4,1,,1,,header,0,1,
1/Race America (U).nes,A8B0DA56,1,,1,0,rom_db_override,0,1,
1/Racket Attack (U).nes,ECCD4089,1,,1,0,rom_db_override,0,1,
1/Rad Racer (E).nes,654F4E90,1,,1,0,rom_db_override,0,1,
1/Rad Racer (PC10).nes,732B0675,1,,1,,header,0,1,
1/Rad Racer (U).nes,8B9D3E9C,1,,1,0,rom_db_override,0,1,
1/Rainbow Islands - The Story of Bubble Bobble 2 (E) [!].nes,BE0E93C3,1,,1,0,rom_db_override,0,1,
1/Remote Control (U).nes,9F6C119C,1,,1,0,rom_db_override,0,1,
1/Rescue - The Embassy Mission (E) [!].nes,8B4D2443,1,,1,0,rom_db_override,0,1,
1/Rescue - The Embassy Mission (U).nes,6FD46392,1,,1,,header,0,1,
1/Return of Yoda (Zelda 2 Hack).nes,3699A273,1,,1,,header,0,1,
1/RoadBlasters (U).nes,8ADA3497,65,,1,0,rom_db_override,0,1,
1/Robin Hood - Prince of Thieves (U).nes,86B0D1CF,1,,1,0,rom_db_override,0,1,
1/Robocop 2 (U).nes,0A686042,1,,1,,header,0,1,
1/Robocop 3 (U).nes,96087988,1,,1,0,rom_db_override,0,1,
1/Robocop 4 (Robocop 3) (U) [p1].nes,10092781,1,,1,,header,0,1,
1/Rocket Ranger (U) [!].nes,67F77118,1,,1,0,rom_db_override,0,1,
"1/Rocketeer, The (U).nes",1D6DECCC,1,,1,0,rom_db_override,0,1,
1/Rockman 2 - Dr Wily no Nazo (J) [T-Eng0.9_AGTP].nes,6B540783,1,,1,,header,0,1,
1/Rockman 2 - Dr Wily no Nazo (J) [T-Eng1.0].nes,F52C67D7,1,,1,0,rom_db_override,0,1,
1/Rockman 5 (Darkwing Duck Hack) [p1][!].nes,6B9C68B3,1,,1,0,rom_db_override,0,1,
1/Rollerball (U).nes,69635A6E,1,,1,0,rom_db_override,0,1,
1/Romance of the Three Kingdoms (U).nes,C6182024,1,,1,0,rom_db_override,0,1,
1/SCAT - Special Cybernetic Attack Team (U).nes,74189E12,1,,1,0,rom_db_override,0,1,
1/SMB Challenge v5.0 (SMB1 Hack).nes,74803DA4,1,,1,,header,0,1,
1/Samus's Dream (Metroid Hack).nes,9E6DA943,1,,1,0,rom_db_override,0,1,
1/Sangokushi (J) [h1].nes,1028FC27,1,,1,,header,0,1,
1/Scroll Demo (PD).nes,D7FBE3ED,1,,1,,header,0,1,
"1/Search for Link, The (Zelda Hack) [a1].nes",4E82020E,1,,1,,header,0,1,
"1/Search for Link, The (Zelda Hack) [a2].nes",1E3F166A,1,,1,,header,0,1,
"1/Search for Link, The (Zelda Hack).nes",A0905531,1,,1,,header,0,1,
1/Sesame Street ABC - 123 (U).nes,24EECC15,1,,1,0,rom_db_override,0,1,
1/Sesame Street Countdown (U).nes,B6758EE6,1,,1,,header,0,1,
1/Shadow Warriors (E).nes,709C9399,1,,1,0,rom_db_override,0,1,
1/Shingen The Ruler (U) [a1].nes,195A0585,1,,1,,header,0,1,
1/Shingen The Ruler (U).nes,BE3BF3B3,1,,1,0,rom_db_override,0,1,
1/Short Order - Eggsplode (U).nes,23040FC4,1,,1,,header,0,1,
1/Silk Worm (U) [h1].nes,E74A91BB,65,,1,0,rom_db_override,0,1,
1/Silk Worm (U).nes,E74A91BB,1,,1,0,rom_db_override,0,1,
"1/Simpsons - Bart Vs the Space Mutants, The (E) [!].nes",DE7E4629,1,,1,0,rom_db_override,0,1,
"1/Simpsons - Bart Vs the Space Mutants, The (U).nes",6F10097D,1,,1,0,rom_db_override,0,1,
1/Skate or Die 2 - The Search for Double Trouble (U).nes,06961BE4,1,,1,0,rom_db_override,0,1,
1/Ski or Die (U).nes,E9A6C211,65,,1,0,rom_db_override,0,1,
1/Sky Kid (U).nes,8207A96C,1,,1,,header,0,1,
1/Sky Shark (U).nes,9FFE2F55,1,,1,0,rom_db_override,0,1,
1/Snake Rattle'n Roll (U).nes,B09E38F9,1,,1,,header,0,1,
1/Snake's Revenge (E) [!].nes,E71D034E,1,,1,0,rom_db_override,0,1,
1/Snake's Revenge (U).nes,48E904D0,1,,1,0,rom_db_override,0,1,
1/Snoopy's Silly Sports Spectacular (U).nes,A8923256,1,,1,0,rom_db_override,0,1,
1/Snow Bros (U).nes,8965C590,1,,1,,header,0,1,
1/Snow Killers (Snow Bros Hack).nes,6274233E,1,,1,,header,0,1,
1/Softball Tengoku (J) [T-Eng1.0].nes,0EEE0798,1,,1,,header,0,1,
1/Softball Tengoku (J) [T-Eng1.1].nes,7B40D235,1,,1,0,rom_db_override,0,1,
1/Sonic 3D Blast 6.nes,7450BD15,1,,1,,header,0,1,
1/SouthPark Zelda (Zelda Hack).nes,4E437C14,1,,1,,header,0,1,
1/Space Shuttle Project (U).nes,2220E14A,1,,1,0,rom_db_override,0,1,
1/Spot (U).nes,CFAE9DFA,1,,1,0,rom_db_override,0,1,
1/Stealth ATF (E).nes,E5A8401B,1,,1,0,rom_db_override,0,1,
1/Stealth ATF (U).nes,C6DD7E69,1,,1,0,rom_db_override,0,1,
1/Sted - Iseki Wakusei no Yabou (J) [T-Eng1.0].nes,07964C82,1,,1,0,rom_db_override,0,1,
1/Street Cop (U).nes,61D86167,1,,1,0,rom_db_override,0,1,
1/Strider (U) [p1].nes,5B064824,1,,1,,header,0,1,
1/Strider (U).nes,02EE3706,1,,1,0,rom_db_override,0,1,
1/Super Castlevania 2 (V0.5) (Hack).nes,EA6ED15C,1,,1,,header,0,1,
1/Super Castlevania 2 (V0.7) (Hack).nes,2DF2356F,1,,1,,header,0,1,
1/Super Castlevania 2 (V0.9) (Hack).nes,DE17A5CF,1,,1,0,rom_db_override,0,1,
1/Super Chinese 3 (J) [p1].nes,5ECB6FC2,1,,1,,header,0,1,
1/Super Dodge Ball (U).nes,689971F9,1,,1,0,rom_db_override,0,1,
1/Super Jeopardy! (U).nes,CF4487A2,1,,1,0,rom_db_override,0,1,
1/Super Mario Bros - Duck Hunt - Track Meet (U).nes,60E63537,1,,1,0,rom_db_override,0,1,
1/Super Mario Quest (Final Fantasy Hack).nes,46C47C6B,1,,1,0,rom_db_override,0,1,
1/Super Mario Remix - Toad Bros (Beta 90) (Hack) [a1].nes,3FF75250,1,,1,,header,0,1,
1/Super Mario Remix - Toad Bros (Beta 90) (Hack) [a2].nes,E168D735,1,,1,,header,0,1,
1/Super Mario Remix - Toad Bros (Beta 90) (Hack).nes,BF49DBCC,1,,1,,header,0,1,
1/Super Mario Remix 2 v1.0 (Dragon Warrior Hack).nes,FB3C0671,1,,1,0,rom_db_override,0,1,
1/Superman (U).nes,1FA8C4A4,1,,1,0,rom_db_override,0,1,
1/Swamp Thing (U) [!].nes,A1FF4E1D,1,,1,0,rom_db_override,0,1,
1/Sweet Home (J) [T-Eng1.0].nes,6E781580,1,,1,0,rom_db_override,0,1,
1/TaleSpin (E) [!].nes,FE08D602,1,,1,0,rom_db_override,0,1,
1/TaleSpin (E) [T-Swed1.2].nes,A2148567,1,,1,,header,0,1,
1/TaleSpin (U) [T-Swed1.2].nes,A5B21724,1,,1,,header,0,1,
1/TaleSpin (U).nes,798EEB98,1,,1,0,rom_db_override,0,1,
1/Tamura Koushou Mahjong Seminar (J) [h1].nes,74A95441,1,,1,,header,0,1,
1/Tank Demo (Mapper 1 NTSC) (PD).nes,D7FB558E,1,,1,,header,0,1,
1/Tank Demo (Mapper 1 PAL) (PD).nes,30FD5776,1,,1,,header,0,1,
1/Target Renegade (U).nes,93B49582,1,,1,0,rom_db_override,0,1,
1/Tecmo Baseball (U).nes,AD12A34F,1,,1,0,rom_db_override,0,1,
1/Tecmo Bowl (PC10).nes,EEB20F84,1,,1,,header,0,1,
1/Tecmo Bowl (U) (PRG 0).nes,CE00022D,1,,1,0,rom_db_override,0,1,
1/Tecmo Bowl (U) (PRG 1).nes,85A6C0D5,1,,1,0,rom_db_override,0,1,
1/Tecmo Bowl (U) (Prototype).nes,E5EA0EBE,1,,1,0,rom_db_override,0,1,
1/Tecmo Bowl 97 (Hack) [a1].nes,44692C7B,1,,1,,header,0,1,
1/Tecmo Bowl 97 (Hack).nes,3167132F,1,,1,,header,0,1,
1/Tecmo Bowl 97 Special Edition (Hack).nes,563916CA,1,,1,,header,0,1,
1/Tecmo Cup - Soccer Game (U) [a1].nes,D830F994,1,,1,,header,0,1,
1/Tecmo Cup - Soccer Game (U).nes,696D7839,1,,1,0,rom_db_override,0,1,
1/Tecmo World Wrestling (E).nes,CF849F72,1,,1,0,rom_db_override,0,1,
1/Tecmo World Wrestling (U).nes,7FF76219,1,,1,0,rom_db_override,0,1,
1/Teenage Mutant Hero Turtles (E).nes,00AD1189,1,,1,0,rom_db_override,0,1,
1/Teenage Mutant Ninja Turtles (PC10).nes,EE921D8E,1,,1,0,rom_db_override,0,1,
1/Teenage Mutant Ninja Turtles (U) [T-Span1.0].nes,780CEFE8,1,,1,,header,0,1,
1/Teenage Mutant Ninja Turtles (U) [h1].nes,78E238CD,1,,1,,header,0,1,
1/Teenage Mutant Ninja Turtles (U).nes,EE921D8E,1,,1,0,rom_db_override,0,1,
1/Tetris (U) [T-Port].nes,BDF28528,1,,1,,header,0,1,
1/Three Stooges (U) (Prototype).nes,1C9EA55C,1,,1,0,rom_db_override,0,1,
1/Three Stooges (U).nes,538CD2EA,1,,1,0,rom_db_override,0,1,
1/Thunderbirds (U).nes,2DDC2DC3,1,,1,0,rom_db_override,0,1,
1/Time Conquest.nes,F6A85753,1,,1,,header,0,1,
1/Tombs and Treasure (U).nes,50D296B3,1,,1,0,rom_db_override,0,1,
1/Top Rider (J) [p1].nes,A446085D,1,,1,,header,0,1,
1/Top Rider (J) [t1].nes,A446085D,1,,1,,header,0,1,
1/Touch Down Fever (U).nes,EA4EB69E,1,,1,0,rom_db_override,0,1,
1/Track & Field 2 (E).nes,C53CF1D0,1,,1,0,rom_db_override,0,1,
1/Track & Field 2 (U).nes,09C083B7,1,,1,0,rom_db_override,0,1,
1/Treasure Master (U).nes,B918580C,1,,1,0,rom_db_override,0,1,
"1/Triathron, The (J) [h1].nes",EF5F1D5F,1,,1,,header,0,1,
1/Turbo Racing (E).nes,4D1DF589,1,,1,0,rom_db_override,0,1,
1/UFO (Silk Worm Hack).nes,B8555F89,1,,1,,header,0,1,
1/Ultima - Exodus (U).nes,A4062017,1,,1,0,rom_db_override,0,1,
1/Ultima - Quest of the Avatar (U).nes,A25A750F,1,,1,0,rom_db_override,0,1,
1/Ultima - Warriors of Destiny (U).nes,4823EEFE,1,,1,0,rom_db_override,0,1,
"1/Untouchables, The (U).nes",209F3587,1,,1,0,rom_db_override,0,1,
1/Vegas Dream (U).nes,C973699D,1,,1,0,rom_db_override,0,1,
1/Venus Senki (J) [T-Eng1.0].nes,44862FAD,1,,1,,header,0,1,
1/Venus Senki (J) [T-Eng1.1].nes,05FFD25A,1,,1,,header,0,1,
1/Venus Senki (J) [T-Eng2.0].nes,89F8EBDA,1,,1,0,rom_db_override,0,1,
1/Venus Senki (J) [T-Eng2.1].nes,C881162D,1,,1,,header,0,1,
1/Venus Senki (J) [T-Engx.x].nes,56B6B2AB,1,,1,,header,0,1,
1/WW3 Dodgeball (Super Dodge Ball Hack).nes,3AD65162,1,,1,,header,0,1,
1/Wa Di Lei (Minesweeper) (Dr. PC Jr.) (Chinese).nes,5BFF9E22,1,,1,,header,0,1,
1/Weirdo Warrior (Dragon Warrior Hack).nes,F7AF3D27,1,,1,,header,0,1,
1/Willow (U).nes,103E7E7F,65,,1,0,rom_db_override,0,1,
"1/Win, Lose or Draw (U).nes",F74DFC91,1,,1,0,rom_db_override,0,1,
1/Wizardry - Proving Grounds of the Mad Overlord (U).nes,D9BB572C,1,,1,0,rom_db_override,0,1,
1/Wrath of the Black Manta (E) [!].nes,06689AA4,1,,1,0,rom_db_override,0,1,
1/Wrath of the Black Manta (U).nes,F651398D,1,,1,0,rom_db_override,0,1,
1/Xenophobe (U).nes,711896B8,1,,1,0,rom_db_override,0,1,
1/Xexyz (U).nes,B1612FE6,1,,1,0,rom_db_override,0,1,
1/Yo! Noid (PC10) [!].nes,E9B7DBA7,1,,1,,header,0,1,
1/Yo! Noid (U) [T-Port].nes,766C63DD,1,,1,,header,0,1,
1/Yo! Noid (U) [T-Port][a1].nes,65165539,1,,1,,header,0,1,
1/Yo! Noid (U).nes,50D141FC,1,,1,0,rom_db_override,0,1,
1/Yodas Adventure (Zelda 2 Hack).nes,E7D9ED01,1,,1,,header,0,1,
1/Yoshi (U).nes,9474C09C,1,,1,,header,0,1,
1/Ys (J) [T-Eng].nes,F4DE2E65,1,,1,0,rom_db_override,0,1,
1/ZZZ_UNK_2600 Bros (SMB1 Hack) (UNL).nes,74803DA4,1,,1,,header,0,1,
1/ZZZ_UNK_Barbie (PRG 1 CHR 1) (Bad CHR f2be4270).nes,F2BE4270,1,,1,,header,0,1,
1/ZZZ_UNK_Barker Bill's Trick Shooting (Bad CHR).nes,9B4B0EA7,1,,1,,header,0,1,
1/ZZZ_UNK_Battle Storm (Bad CHR 4e0d6650).nes,4E0D6650,1,,1,,header,0,1,
1/ZZZ_UNK_Best Keiba - Derby Stallion (Bad CHR).nes,9A31FFA9,1,,1,,header,0,1,
1/ZZZ_UNK_Best Play - Pro Yakyuu '90 (J).nes,A56FDB0B,1,,1,,header,0,1,
1/ZZZ_UNK_Best Play - Pro Yakyuu 2 (J)a.nes,CB810E8F,1,,1,,header,0,1,
1/ZZZ_UNK_Best Play - Pro Yakyuu Special (J)a.nes,E3C2C174,1,,1,,header,0,1,
1/ZZZ_UNK_Bigfoot (Bad CHR 0816856a).nes,0816856A,1,,1,,header,0,1,
1/ZZZ_UNK_Bionic Commando (Bad CHR).nes,A3AD445D,1,,1,,header,0,1,
1/ZZZ_UNK_Boulder Dash (Bad CHR 95560073).nes,95560073,1,,1,,header,0,1,
"1/ZZZ_UNK_Boy and His Blob - Trouble on Blobolonia, A (Bad CH1).nes",1E51C713,1,,1,,header,0,1,
"1/ZZZ_UNK_Boy and His Blob - Trouble on Blobolonia, A (Bad CH2).nes",99F971E6,1,,1,,header,0,1,
"1/ZZZ_UNK_Boy and His Blob - Trouble on Blobolonia, A (Bad CH3).nes",B8ADB156,1,,1,,header,0,1,
"1/ZZZ_UNK_Boy and His Blob - Trouble on Blobolonia, A (Bad CH4).nes",D0CA7673,1,,1,,header,0,1,
1/ZZZ_UNK_Break Time (Bad CHR f8c59d5d).nes,F8C59D5D,1,,1,,header,0,1,
1/ZZZ_UNK_Captain Silver (Bad CHR 000eba04).nes,000EBA04,1,,1,,header,0,1,
1/ZZZ_UNK_Castlevania 2 - Simon's Quest (Bad CHR 83aaa4ab).nes,83AAA4AB,1,,1,,header,0,1,
1/ZZZ_UNK_Circus Caper (Bad CHR d5e7cfa3).nes,D5E7CFA3,1,,1,,header,0,1,
1/ZZZ_UNK_Cobra Command (Bad CHR 59848efc).nes,59848EFC,1,,1,,header,0,1,
1/ZZZ_UNK_Cobra Command (Bad Dump) (Bad CHR 60924da0).nes,60924DA0,1,,1,,header,0,1,
1/ZZZ_UNK_Conflict (Bad CHR 2309a870).nes,2309A870,1,,1,,header,0,1,
1/ZZZ_UNK_Cool World (Bad CHR ecb71bc4).nes,ECB71BC4,1,,1,,header,0,1,
1/ZZZ_UNK_Dance Aerobics (U).nes,FA12A277,1,,1,,header,0,1,
1/ZZZ_UNK_Demon Sword (Bad CHR 61885af6).nes,61885AF6,1,,1,,header,0,1,
1/ZZZ_UNK_Derby Stallion - Zenkoku Ban (Bad CHR cd514067).nes,CD514067,1,,1,,header,0,1,
1/ZZZ_UNK_Desert Commander (Bad CHR dcb90141).nes,DCB90141,1,,1,,header,0,1,
1/ZZZ_UNK_Donald Duck (Bad CHR 1b4603ac).nes,1B4603AC,1,,1,,header,0,1,
1/ZZZ_UNK_Dr Mario (Bad CHR 9426e59a).nes,9426E59A,1,,1,,header,0,1,
1/ZZZ_UNK_Dr Mario (Bad CHR f3b0adb9).nes,F3B0ADB9,1,,1,,header,0,1,
1/ZZZ_UNK_Dr Mario (E).nes,E8C87569,1,,1,,header,0,1,
1/ZZZ_UNK_Dragon Fighter (Bad CHR 892cd4e3).nes,892CD4E3,1,,1,,header,0,1,
1/ZZZ_UNK_Dragon Quest 3 (Bad CHR 9c654f15).nes,9C654F15,1,,1,,header,0,1,
1/ZZZ_UNK_Dragon Quest 4 (Bad CHR 545d027b).nes,545D027B,1,,1,,header,0,1,
1/ZZZ_UNK_Dynowarz - Destruction of Spondylus (Bad CHR).nes,BEA1B7EE,1,,1,,header,0,1,
1/ZZZ_UNK_FC1187.nes,D80D8C59,1,,1,,header,0,1,
1/ZZZ_UNK_FC2093.nes,97582CF5,1,,1,,header,0,1,
1/ZZZ_UNK_FC3035 garfield.nes,B493038F,1,,1,,header,0,1,
1/ZZZ_UNK_FC3038A.nes,C6C2EDB5,2,,1,0,rom_db_override,0,1,
1/ZZZ_UNK_FC4097.nes,8EBD788F,1,,1,,header,0,1,
1/ZZZ_UNK_FC7001Rmulti.nes,8EBCA185,1,,1,,header,0,1,
1/ZZZ_UNK_Final Fantasy (Bad CHR 55d877ae).nes,55D877AE,1,,1,,header,0,1,
1/ZZZ_UNK_GOLF_GRA.nes,BF58D55F,1,,1,,header,0,1,
1/ZZZ_UNK_Guevara (Bad Dump).nes,AD7B97BC,1,,1,,header,0,1,
1/ZZZ_UNK_Mario Open Golf (Bad CHR b95e6201).nes,B95E6201,1,,1,,header,0,1,
1/ZZZ_UNK_Okhotsk ni Kiyu - Hokkaidou Rensa Satsujin (Bad CHR).nes,5BF227F9,1,,1,,header,0,1,
1/ZZZ_UNK_Predator - Schwarzenegger -Soon the Hunt Will Begin.nes,770FB8AC,1,,1,,header,0,1,
1/ZZZ_UNK_Sanada Juu Yuushi (Bad Dump) (Bad CHR).nes,49A64D32,1,,1,,header,0,1,
1/ZZZ_UNK_Sangokushi (Hacked) (Bad CHR).nes,FE9970DD,1,,1,,header,0,1,
1/ZZZ_UNK_Tantei Jinguuji Saburou - Yokohamakou Renzoku Satsujin Jiken (Bad CHR).nes,779F8960,1,,1,,header,0,1,
1/ZZZ_UNK_Tenchi wo Kurau (Bad CHR 0e91f500).nes,0E91F500,1,,1,,header,0,1,
1/ZZZ_UNK_ZeldEdit (139407).nes,5C39E715,1,,1,,header,0,1,
1/ZZZ_UNK_zelda.nes,395024EE,1,,1,,header,0,1,
1/Zelda 2 - 1999 (Hack).nes,E074FB3E,1,,1,0,rom_db_override,0,1,
1/Zelda 2 - Hard Type (Zelda 2 Hack).nes,B4451494,1,,1,,header,0,1,
1/Zelda 2 - The Adventure of Link (E) (PRG 0).nes,47FD88CF,1,,1,0,rom_db_override,0,1,
1/Zelda 2 - The Adventure of Link (E) (PRG 2).nes,47B6A39F,1,,1,0,rom_db_override,0,1,
1/Zelda 2 - The Adventure of Link (U) [T-French1.1].nes,00AD5FEB,1,,1,,header,0,1,
1/Zelda 2 - The Adventure of Link (U) [T-German1.0_GTrans].nes,9323BA0F,1,,1,,header,0,1,
1/Zelda 2 - The Adventure of Link (U) [T-Italian1.0].nes,C2797B88,1,,1,,header,0,1,
1/Zelda 2 - The Adventure of Link (U) [T-Span1.1.4].nes,7B12CA00,1,,1,,header,0,1,
1/Zelda 2 - The Adventure of Link (U) [T-Swed1.01-MH].nes,2364A2B4,1,,1,,header,0,1,
1/Zelda 2 - The Adventure of Link (U) [T-Swed].nes,721715F0,1,,1,,header,0,1,
1/Zelda 2 - The Adventure of Link (U) [T-Swed][a1].nes,DA05D696,1,,1,,header,0,1,
1/Zelda 2 - The Adventure of Link (U).nes,BA322865,1,,1,0,rom_db_override,0,1,
1/Zelda 2 Challenge v2.3.40 (Zelda 2 Hack).nes,41CA7722,1,,1,,header,0,1,
1/Zelda DX (Zelda Hack) [a1].nes,FEBB8876,1,,1,,header,0,1,
1/Zelda DX (Zelda Hack).nes,05C3810A,1,,1,,header,0,1,
1/Zelda DX v2.0 (Zelda Hack).nes,DC08FB69,1,,1,,header,0,1,
"1/Zelda Story, The (Zelda Hack) [a1].nes",1EA89599,1,,1,,header,0,1,
"1/Zelda Story, The (Zelda Hack).nes",CAB5425B,1,,1,,header,0,1,
1/Zelda's Embrace - A New Legend (Zelda Hack).nes,F68C0F1A,1,,1,,header,0,1,
1/Zelda's Embrace - A New Legend v1.0c (Zelda Hack).nes,23999093,1,,1,,header,0,1,
10/Fire Emblem Gaiden (J) [T-Eng97b2].nes,467FE41E,10,,10,,header,0,1,
10/Fire Emblem Gaiden (J) [T-Eng97b].nes,467515FE,10,,10,,header,0,1,
105/Nintendo World Championships 1990 (U) [!].nes,0B0E128F,105,,105,0,rom_db_override,0,1,
"11/Adventures of Captain Comic, The (U).nes",A5E89675,11,,11,0,rom_db_override,0,1,
11/Baby Boomer (U).nes,BBE40DC4,11,,11,0,rom_db_override,0,1,
11/Bible Adventures (U) (V1.2).nes,7F24EFC0,11,,11,0,rom_db_override,0,1,
11/Bible Adventures (U) (V1.3).nes,73140EEF,11,,11,0,rom_db_override,0,1,
11/Bible Buffet (U) (Ver 6.0).nes,CFD5AC62,11,,11,0,rom_db_override,0,1,
11/Castle of Deceit (U).nes,345D3A1A,7,,11,0,rom_db_override,0,1,
11/Challenge of the Dragon (U).nes,D188963D,11,,11,0,rom_db_override,0,1,
11/Chiller (HES) [!].nes,231BC76E,11,,11,0,rom_db_override,0,1,
11/Chiller (U) [!].nes,6332E4CA,11,,11,,header,0,1,
11/Crystal Mines (U).nes,72E66392,11,,11,0,rom_db_override,0,1,
11/Exodus (U) (V4.0) [!].nes,0AB26DB6,11,,11,0,rom_db_override,0,1,
11/Free Fall (U) (Prototype) [!].nes,A781FFAA,11,,11,0,rom_db_override,0,1,
11/Galactic Crusader (Sachen) (U).nes,09C31CD4,11,,11,0,rom_db_override,0,1,
11/Galactic Crusader (Sachen).nes,3F733824,11,,11,,header,0,1,
11/Joshua (U) (Ver 5.0 CHR 6.0).nes,51C70247,11,,11,0,rom_db_override,0,1,
11/Joshua (U) (Ver 6.0) [!].nes,2DDD5459,11,,11,,header,0,1,
11/King Neptune's Adventure (U).nes,6ED3BA25,11,,11,,header,0,1,
"11/King of Kings, The (U) (V1.1).nes",A55701DD,11,,11,0,rom_db_override,0,1,
"11/King of Kings, The (U) (V1.2) [!].nes",560BF5A6,11,,11,0,rom_db_override,0,1,
"11/King of Kings, The (U) (V1.3) [h1].nes",ADE2DE58,11,,11,,header,0,1,
"11/King of Kings, The (U) (V1.3).nes",86974CCC,11,,11,0,rom_db_override,0,1,
"11/King of Kings, The (U) (V5.0 CHR 1.3).nes",7EABDA5C,11,,11,0,rom_db_override,0,1,
11/Master Chu & The Drunkard Hu (U).nes,3C7E38F5,11,,11,0,rom_db_override,0,1,
11/Maxi 15 (U) [a1].nes,F05B0652,11,,11,,header,0,1,
11/Menace Beach (U).nes,194942DB,11,,11,,header,0,1,
11/Metal Fighter (U) [a1].nes,A37A71EE,11,,11,,header,0,1,
11/Metal Fighter (U).nes,11D08CC6,11,,11,0,rom_db_override,0,1,
11/Mission Cobra (U).nes,5DA9CEC8,11,,11,0,rom_db_override,0,1,
11/Moon Ranger (U).nes,14A81635,11,,11,0,rom_db_override,0,1,
11/Operation Secret Storm (U).nes,EA113128,11,,11,0,rom_db_override,0,1,
11/P'radikus Conflict (U).nes,42749A95,11,,11,0,rom_db_override,0,1,
11/Pesterminator (U).nes,6A483073,11,,11,0,rom_db_override,0,1,
11/Raid 2020 (U) [!].nes,61253D1C,11,,11,0,rom_db_override,0,1,
11/Robodemons (U).nes,B788EBF8,11,,11,,header,0,1,
11/Secret Scout (U).nes,AC559FBD,11,,11,,header,0,1,
11/Shockwave (U).nes,C73B82FC,11,,11,0,rom_db_override,0,1,
11/Silent Assault (U).nes,CA0A869E,11,,11,0,rom_db_override,0,1,
11/Spiritual Warfare (U) (Ver 6.0).nes,8CE8E264,11,,11,,header,0,1,
11/Spiritual Warfare (U) (Ver 6.1).nes,14105C13,11,,11,0,rom_db_override,0,1,
11/Sunday Funday (U).nes,5B16A3C8,11,,11,0,rom_db_override,0,1,
11/Tagin' Dragon (U).nes,4D527D4A,11,,11,0,rom_db_override,0,1,
11/Transformers - Shockwave-Energon Hunt (Shockwave Hack) [a1].nes,22F49C09,11,,11,,header,0,1,
11/Transformers - Shockwave-Energon Hunt (Shockwave Hack).nes,FAF04375,11,,11,,header,0,1,
11/Wally Bear and the No Gang (U).nes,81ECDA0D,11,,11,0,rom_db_override,0,1,
11/ZZZ_UNK_Chiller (Bad Dump) (Unl) (Bad CHR 467cb75a).nes,467CB75A,11,,11,,header,0,1,
11/ZZZ_UNK_Crystal Mines (Unl) (Bad CHR 6fd75fac).nes,6FD75FAC,11,,11,,header,0,1,
11/ZZZ_UNK_Raid2002_ (106512).nes,FE4D22A3,11,,11,,header,0,1,
11/ZZZ_UNK_bible adventures.nes,A3E9BC19,11,,11,,header,0,1,
113/HES 6-in-1 (A).nes,5E36D3BE,113,,113,0,rom_db_override,0,1,
113/Mind Blower Pak.nes,60A59624,113,,113,0,rom_db_override,0,1,
113/Othello (HES) [!].nes,2744DFC6,113,,113,,header,0,1,
113/Rad Racket - Deluxe Tennis 2 (U) [a1].nes,0F799164,113,,113,,header,0,1,
113/Total Funpak (HES).nes,06406EB9,113,,113,0,rom_db_override,0,1,
"114/Lion King, The (Unl).nes",6A03D3F3,114,,114,0,rom_db_override,0,1,
114/Pocahontas.nes,0D98DB53,182,,114,0,rom_db_override,0,1,
114/Super Donkey Kong [!].nes,4E7729FF,182,,114,0,rom_db_override,0,1,
117/San Guo Zhi 4 - Chi Bi Feng Yun (Sangokushi 4) [!].nes,FCED9648,117,,117,0,rom_db_override,0,1,
118/Goal! Two (E).nes,D20BB617,4,,118,0,rom_db_override,0,1,
118/Goal! Two (U).nes,90C773C1,118,,118,0,rom_db_override,0,1,
118/NES Play Action Football (U).nes,B9B4D9E0,4,,118,0,rom_db_override,0,1,
118/Pro Sport Hockey (U).nes,41F9E0AA,118,,118,0,rom_db_override,0,1,
119/High Speed (U).nes,2A79D3BA,119,,119,,header,0,1,
119/Pinbot (E).nes,9247C38D,119,,119,0,rom_db_override,0,1,
119/Pinbot (PC10).nes,D19ADDEB,119,,119,0,rom_db_override,0,1,
119/Pinbot (U).nes,D19ADDEB,119,,119,0,rom_db_override,0,1,
12/1/Last Armageddon (J) [hFFE][p1].nes,A2D6EE34,17,,12,1,rom_db_override,0,1,
12/1/Yong Zhe Dou E Long - Dragon Quest 4.nes,D934AD8D,17,,12,1,rom_db_override,0,1,
120/Doraemon World 3 (Doraemon Hack).nes,BDE3AE9B,120,,66,0,rom_db_override,0,1,
121/Street Fighter Alpha Zero 97 [!].nes,DDCFB058,187,,121,0,rom_db_override,0,1,
1297/10/ZZZ_UNK_deep dungeon 3 - yuushi e no tabi (j).nes,42F98D61,1297,10,1297,10,header,0,1,
13/Videomation (U).nes,5E66EAEA,13,,13,0,rom_db_override,0,1,
132/Zhong Guo Xiang Qi (TXC) (As) [p1].nes,C1D3082B,0,,132,0,rom_db_override,0,1,
132/Zhong Guo Xiang Qi (TXC) (As) [p1][a1].nes,B1A954C2,0,,132,0,rom_db_override,0,1,
133/Jovial Race (Sachen) [!].nes,A923E441,133,,133,0,rom_db_override,0,1,
142/Super Mario Bros 2 (J) (Kaiser Pirate) [p1].nes,281326ED,142,,142,0,rom_db_override,0,1,
144/Death Race (U).nes,5CAA3E61,11,,144,0,rom_db_override,0,1,
148/AV (Card Game) [!].nes,D201EDCE,113,,148,0,rom_db_override,0,1,
148/AV Poker.nes,477A478D,3,,148,0,rom_db_override,0,1,
148/AV Soccer [!].nes,DA430FB3,113,,148,0,rom_db_override,0,1,
148/Bubble Bath Babes (UE) [!].nes,68AFEF5F,3,,148,0,rom_db_override,0,1,
148/Hot Slot (UE).nes,ADA1B12F,99,,148,0,rom_db_override,0,1,
148/Peek-A-Boo Poker (UE) [!].nes,E9F16673,3,,148,0,rom_db_override,0,1,
148/Pyramid (U) (Sachen-Hacker).nes,25519E6E,3,,148,0,rom_db_override,0,1,
148/Shisen Mahjang - Seifuku Hen (Uniform Edition) (Joy Van).nes,2F52BBE0,3,,148,0,rom_db_override,0,1,
149/16 Mahjang [!].nes,CC868D4E,113,,149,0,rom_db_override,0,1,
15/100-in-1 Contra Function 16 [a1].nes,6C4D3F94,15,,15,,header,0,1,
15/100-in-1 Contra Function 16 [a2].nes,4ED605A2,15,,15,,header,0,1,
15/100-in-1 Contra Function 16.nes,1B219E01,15,,15,0,rom_db_override,0,1,
15/Crazy Climber (J) [hM15].nes,C1DC5B12,15,,15,0,rom_db_override,0,1,
15/Doraemon (J) [hM15].nes,6253DDF4,15,,15,,header,0,1,
15/Dragon Ball - Dragon Mystery (Hack).nes,DEC92EAF,15,,15,,header,0,1,
15/Dragon Ball - Dragon Tricks (Hack).nes,4B23BEF1,15,,15,,header,0,1,
15/Dragon Ball - Shen Long no Nazo (J) [hM15].nes,9BF51B6F,15,,15,,header,0,1,
15/Dragon Ball - Shen Long no Nazo (J) [hM15][h1].nes,38FC1283,15,,15,,header,0,1,
15/Ice Climber (FDS Hack) (J).nes,D8EC6353,15,,15,,header,0,1,
15/Mario Tails (SMB1 Hack).nes,7E259D31,15,,15,,header,0,1,
15/Mobile Suit Z Gundam - Hot Scramble (J) [hM15].nes,01964A73,15,,15,,header,0,1,
15/Super Mario 4 (SMB1 Hack) [a3].nes,C0D2A533,15,,15,,header,0,1,
15/Super Pikachu (SMB1 Hack).nes,F27DC1BE,15,,15,,header,0,1,
151/Atari RBI Baseball (VS).nes,E45485A5,151,,206,0,rom_db_override,0,1,
151/Gradius (VS).nes,F735D926,151,,151,,header,0,1,
151/VS TKO Boxing (VS) [a1].nes,866F145C,151,,151,,header,0,1,
158/Alien Syndrome (U).nes,CBF4366F,4,,158,0,rom_db_override,0,1,
159/Dragon Ball Z - Kyoushuu! Saiya Jin (J) [T-Eng1.1].nes,27B9CBAB,16,,159,0,rom_db_override,0,1,
16/Akumajou Densetsu (J) [hM16].nes,7095AC65,16,,16,,header,0,1,
16/Dragon Ball - Dai Maou Fukkattu (J) [t1].nes,8325A860,16,,16,,header,0,1,
16/Dragon Ball - Shen Long no Nazo (J) [hM16].nes,3892BBEF,16,,16,,header,0,1,
16/Dragon Ball Z - Kyoushuu! Saiya Jin (J) [T-Eng].nes,CEC78D89,16,,16,,header,0,1,
16/Dragon Ball Z - Kyoushuu! Saiya Jin (J) [p1].nes,2194BB29,16,,16,,header,0,1,
16/Dragon_Ball_Z_Gaiden_(Tr).nes,9D6766E5,16,,16,5,rom_db_override,0,1,
160/Aladdin (E) [p1].nes,1306EE62,160,,90,0,rom_db_override,0,1,
17/B00DaW's Pokemon Demo (PD).nes,F7DCA055,17,,17,,header,0,1,
17/Battle Fleet (J) [hFFE].nes,970557C8,17,,17,,header,0,1,
17/Chiyo no Fuji no Ooichou (J) [hFFE][p1].nes,9A754487,17,,17,,header,0,1,
17/Digital Devil Story - Megami Tensei 2 (J) [hFFE].nes,C8C6B693,17,,17,,header,0,1,
17/Doki! Doki! Yuuenchi (J) [hFFE].nes,85C79B2A,17,,17,,header,0,1,
17/Dragon Ball Z 2 - Gekishin Freeza!! (J) [hFFE][p1].nes,6F48999A,17,,17,,header,0,1,
17/Dragon Ball Z 3 - Ressen Jinzou Ningen (J) [hFFE][p1].nes,2F737EB7,17,,17,0,rom_db_override,0,1,
17/Dragon Ball Z 3 - Ressen Jinzou Ningen (J) [hFFE][p1][a1].nes,525DE677,17,,17,,header,0,1,
17/Dynamite Batman (J) [hFFE][p1].nes,06BB007A,17,,17,0,rom_db_override,0,1,
17/Famicom Jump 2 - Saikyou no 7 Nin (J) [hFFE].nes,CC4E727E,17,,17,,header,0,1,
17/Famicom Jump 2 - Saikyou no 7 Nin (J) [hFFE][a1].nes,CC4E727E,17,,17,,header,0,1,
17/Ganbare Goemon Gaiden - Kieta Ougon Kiseru (J) [hM17].nes,DF2391B3,17,,17,,header,0,1,
17/Juvei Quest (J) [hFFE].nes,F12A55BA,17,,17,,header,0,1,
17/Kaiketsu Yanchamaru 2 - Karakuri Land (J) [T-Eng].nes,2A76F48D,17,,17,,header,0,1,
17/Kaiketsu Yanchamaru 2 - Karakuri Land (J) [hFFE].nes,764BEA6B,17,,17,0,rom_db_override,0,1,
17/Parodius da! (J) [hFFE][p1].nes,C9F48E09,17,,17,,header,0,1,
17/SD Gundam Gaiden - Knight Gundam Monogatari 2 - Hikari no Kishi (J) [hFFE][p1].nes,932C11C1,17,,17,,header,0,1,
17/Saiyuuki World 2 - Tenjoukai no Majin (J) [hFFE][p1].nes,854F4661,17,,17,0,rom_db_override,0,1,
17/Sangokushi 2 - Haou no Tairiku (J) [hFFE][p1].nes,2AF1A487,17,,17,,header,0,1,
17/Spartan X 2 (J) [hFFE].nes,5A40F532,17,,17,0,rom_db_override,0,1,
17/Street Fighter 2010 (J) [hFFE][p1].nes,43E02636,17,,17,,header,0,1,
17/Top Gun - Dual Fighters (J) [hFFE][p1].nes,B562A562,17,,17,,header,0,1,
"17/Wing of Madoola, The (J) [hFFE][t1].nes",7CCFC0A6,17,,17,,header,0,1,
"17/Wing of Madoola, The (J) [hM02][t1].nes",8D1F8A84,17,,17,,header,0,1,
17/Yong Zhe Dou E Long - Dragon Quest 4.nes,D934AD8D,17,,12,1,rom_db_override,0,1,
17/ZZZ_UNK_FC2090_.nes,7F2C334A,17,,17,,header,0,1,
17/ZZZ_UNK_FC6020XGozonjiYaji(J).nes,AA37F61C,17,,17,,header,0,1,
182/Pocahontas.nes,0D98DB53,182,,114,0,rom_db_override,0,1,
184/Kanshakudama Nage Kantarou no Toukaidou Gojuusan Tsugi (J) [h1].nes,2795E4F6,184,,184,,header,0,1,
"184/Wing of Madoola, The (J) [h1].nes",534ABC07,184,,184,,header,0,1,
185/Sansuu 1 Nen - Keisan Game (J) [h1].nes,02361407,185,,185,,header,0,1,
187/King of Fighters 96.nes,4C13B5D0,187,,187,0,rom_db_override,0,1,
187/Street Fighter Zero 2.nes,ADB09FF2,187,,187,0,rom_db_override,0,1,
188/Karaoke Studio (J) [h1].nes,F02035B1,188,,188,,header,0,1,
189/Master Fighter 2 [a1].nes,FD46C854,189,,189,,header,0,1,
189/Master Fighter 2 [a2].nes,1BBC15ED,189,,189,,header,0,1,
189/Street Fighter II (YOKO) [p1][!].nes,96CE586E,189,,189,0,rom_db_override,0,1,
189/Thunder Warrior.nes,3EEA372E,189,,189,0,rom_db_override,0,1,
19/Digital Devil Story - Megami Tensei 2 (J) [h1].nes,84A7FE79,19,,19,,header,0,1,
19/Erika to Satoru no Yume Bouken (J) [h1].nes,F5FAAE4F,19,,19,,header,0,1,
19/Famista '92 (J) (PAL V1.1 Hack).nes,1B65E28C,19,,19,,header,0,1,
19/Famista '99 (Famista '91 Hack).nes,ED58543E,19,,19,,header,0,1,
19/Kaiketsu Yanchamaru 3 - Taiketsu! Zouringen (J) (NESticle Hack).nes,31157E13,19,,19,,header,0,1,
19/Kaiketsu Yanchamaru 3 - Taiketsu! Zouringen (J) [hM19].nes,F999CFDF,19,,19,,header,0,1,
19/Splatter House - Wanpaku Graffiti (J) [T-Eng1.0].nes,4F2F88F1,19,,19,,header,0,1,
19/Wagan Land 3 (J) [h1].nes,50E5E22F,19,,19,,header,0,1,
19/Wagan Land 3 (J) [h2].nes,A0F56A29,19,,19,,header,0,1,
192/Ying Lie Qun Xia Zhuan (Chinese).nes,98C1CD4B,245,,192,0,rom_db_override,0,1,
193/12/Deep Dungeon 4 - Kuro no Youjutsushi (J) [T-Eng_Partial].nes,DEBAD77E,193,12,193,12,header,0,1,
193/12/Deep Dungeon 4 - Off Course (Hack).nes,D65D4ADF,193,12,193,12,header,0,1,
193/12/ZZZ_UNK_deep dungeon 4 - kuro no youjutsushi (j).nes,F76BCA14,193,12,193,12,header,0,1,
193/Deep Dungeon 4 - Kuro no Youjutsushi (J) [T-Eng].nes,759A01DA,193,,193,,header,0,1,
199/260-in-1.nes,00000000,199,,199,,header,0,1,
2/1/Bomberman 2 (J) [hM02].nes,B382AEA4,2,,2,1,rom_db_override,0,1,
2/1/Fantasy Zone (J) [hM02].nes,6F365E7B,93,,2,1,rom_db_override,0,1,
2/1/Faxanadu (J) [hM02].nes,5E5723F4,2,,2,1,rom_db_override,0,1,
2/1/Jesus - Kyoufu no Bio Monster (J) [p1][hM02].nes,B4362294,2,,2,1,rom_db_override,0,1,
2/1/Lipple Island (J) [hM02].nes,5012D5D0,2,,2,1,rom_db_override,0,1,
2/1/Senjou no Ookami (J) [hM02].nes,3DD3BA1E,2,,2,1,rom_db_override,0,1,
2/1/Space Harrier (J) [hM02].nes,C86E8963,2,,2,1,rom_db_override,0,1,
2/1/Space Harrier (J) [p1][hM02].nes,EE6EF957,2,,2,1,rom_db_override,0,1,
2/1/ZZZ_UNK_FC2123.nes,3D623C6E,2,,2,1,rom_db_override,0,1,
2/100 Man $ Kid - Maboroshi no Teiou Hen (J) [hM02].nes,CDEF1C0D,2,,2,,header,0,1,
2/1943 (U) [T-Port_BRGames].nes,8842E88C,2,,2,,header,0,1,
2/1944 (1943 Hack) [p2].nes,0A880633,2,,2,,header,0,1,
2/1944 (1943 Hack) [p3].nes,93106B4C,2,,2,,header,0,1,
2/2/1943 (U).nes,12C6D5C7,2,,2,2,rom_db_override,0,1,
2/2/1944 (1943 Hack) [p1].nes,85D3F785,2,,2,2,rom_db_override,0,1,
"2/2/3-D Battles of World Runner, The (U).nes",E6A477B2,2,,2,2,rom_db_override,0,1,
2/2/Aigiina no Yogen - From The Legend of Balubalouk (J) [p1].nes,1A1D3CA2,2,,2,2,rom_db_override,0,1,
2/2/Alfred Chicken (U).nes,63E992AC,2,,2,2,rom_db_override,0,1,
2/2/Amagon (U).nes,E2B43A68,2,,2,2,rom_db_override,0,1,
2/2/Archon (U).nes,F304F1B9,2,,2,2,rom_db_override,0,1,
2/2/Arctic (J) [p1].nes,DA731F14,2,,2,2,rom_db_override,0,1,
2/2/Arctic (J) [p1][t1].nes,DA731F14,2,,2,2,rom_db_override,0,1,
2/2/Argos no Senshi (J) [T-Eng0.9].nes,AF31A310,2,,2,2,rom_db_override,0,1,
2/2/Argos no Senshi (J) [p1].nes,138F0BB0,2,,2,2,rom_db_override,0,1,
2/2/Asterix (E).nes,ED77B453,2,,2,2,rom_db_override,0,1,
2/2/Athena (U).nes,27DDF227,2,,2,2,rom_db_override,0,1,
2/2/Best of the Best Championship Karate (U).nes,A6A725B8,2,,2,2,rom_db_override,0,1,
"2/2/Black Bass USA, The (U).nes",1D0F4D6B,66,,2,2,rom_db_override,0,1,
2/2/Blades of Steel (E).nes,C0EDEDD0,2,,2,2,rom_db_override,0,1,
2/2/Blades of Steel (U) [p1].nes,D2121F97,2,,2,2,rom_db_override,0,1,
2/2/Blades of Steel (U).nes,8AB52A24,2,,2,2,rom_db_override,0,1,
"2/2/Blues Brothers, The (U).nes",9F2EEF20,2,,2,2,rom_db_override,0,1,
2/2/California Games (E) [!].nes,B400172A,2,,2,2,rom_db_override,0,1,
2/2/California Games (U) [a1].nes,BC44544E,2,,2,2,rom_db_override,0,1,
2/2/California Games (U).nes,2F66E302,2,,2,2,rom_db_override,0,1,
2/2/Casino Kid (U).nes,05A688C8,2,,2,2,rom_db_override,0,1,
2/2/Casino Kid 2 (U).nes,7329118D,2,,2,2,rom_db_override,0,1,
2/2/Castelian (E).nes,CF7CA9BD,2,,2,2,rom_db_override,0,1,
2/2/Castelian (U).nes,0AE6C9E2,2,,2,2,rom_db_override,0,1,
2/2/Castle of Dragon (U).nes,2F2D1FA9,2,,2,2,rom_db_override,0,1,
2/2/Castlevania (E).nes,A93527E2,2,,2,2,rom_db_override,0,1,
2/2/Castlevania (U) (PRG 0).nes,0AC1AA8F,2,,2,2,rom_db_override,0,1,
2/2/Castlevania (U) (PRG 1).nes,B668C7FC,2,,2,2,rom_db_override,0,1,
2/2/Castlevania - Dracula's Revenge (Hack) [a1].nes,A062FDA9,2,,2,2,rom_db_override,0,1,
2/2/Castlevania - Dracula's Revenge (Hack).nes,C443EC2E,2,,2,2,rom_db_override,0,1,
2/2/Castlevania - Halloween 98 (Hack).nes,199ADF3A,2,,2,2,rom_db_override,0,1,
2/2/Castlevania 6 (Castlevania Hack).nes,A6E68C88,2,,2,2,rom_db_override,0,1,
2/2/Championship Pool (U).nes,CDC641FC,2,,2,2,rom_db_override,0,1,
2/2/Chuugoku Senseijutsu (J) [p1].nes,2F462388,2,,2,2,rom_db_override,0,1,
2/2/City Adventure Touch - Mystery of Triangle (J) [p1].nes,869BCAF2,2,,2,2,rom_db_override,0,1,
2/2/Color A Dinosaur (U).nes,0123BFFE,2,,2,2,rom_db_override,0,1,
2/2/Commando (U).nes,82BE4724,2,,2,2,rom_db_override,0,1,
2/2/Conan (U).nes,C6000085,66,,2,2,rom_db_override,0,1,
2/2/Contra (U).nes,F6035030,2,,2,2,rom_db_override,0,1,
2/2/Crackout (E).nes,81AF4AF9,2,,2,2,rom_db_override,0,1,
2/2/Daiva - Imperial of Nirsartia (J) [p1].nes,0809E07E,2,,2,2,rom_db_override,0,1,
2/2/Dick Tracy (U).nes,D738C059,2,,2,2,rom_db_override,0,1,
2/2/Double Dribble (U) (PRG 0).nes,437E7B69,2,,2,2,rom_db_override,0,1,
2/2/Double Dribble (U) (PRG 1) [!].nes,D0E96F6B,2,,2,2,rom_db_override,0,1,
2/2/Dr Chaos (U).nes,73620901,2,,2,2,rom_db_override,0,1,
2/2/Dragon's Lair (U).nes,CA033B3A,66,,2,2,rom_db_override,0,1,
2/2/Duck Tales (E).nes,D029F841,2,,2,2,rom_db_override,0,1,
2/2/Duck Tales (U) (Prototype).nes,FF53D73E,2,,2,2,rom_db_override,0,1,
2/2/Duck Tales (U).nes,EFB09075,2,,2,2,rom_db_override,0,1,
2/2/Duck Tales 2 (U).nes,73C7FCF4,2,,2,2,rom_db_override,0,1,
2/2/Fantasy Zone (J) [hM02][a1].nes,67EDE374,2,,2,2,rom_db_override,0,1,
2/2/Fist of the North Star (U).nes,06D72C83,2,,2,2,rom_db_override,0,1,
2/2/Flight of the Intruder (U).nes,F92BE7F2,2,,2,2,rom_db_override,0,1,
2/2/Flying Dragon - The Secret Scroll (U).nes,F1FED9B8,2,,2,2,rom_db_override,0,1,
2/2/Flying Hero (J) [p1].nes,83431081,2,,2,2,rom_db_override,0,1,
2/2/Fun House (U).nes,576A0DE8,2,,2,2,rom_db_override,0,1,
2/2/Ghosts & Goblins Hardtype (Hack).nes,0C928C0E,2,,2,2,rom_db_override,0,1,
2/2/Ghosts'n Goblins (E).nes,9369A2F8,2,,2,2,rom_db_override,0,1,
2/2/Ghosts'n Goblins (U).nes,B4E4879E,2,,2,2,rom_db_override,0,1,
2/2/Gilligan's Island (U).nes,55773880,66,,2,2,rom_db_override,0,1,
"2/2/Goonies 2, The (E).nes",8897A8F1,2,,2,2,rom_db_override,0,1,
"2/2/Goonies 2, The (U).nes",999577B6,2,,2,2,rom_db_override,0,1,
"2/2/Guardian Legend, The (U).nes",FA43146B,2,,2,2,rom_db_override,0,1,
2/2/Gun Smoke (E).nes,B79C320D,2,,2,2,rom_db_override,0,1,
2/2/Gun Smoke (U) [p1].nes,6E9E5890,2,,2,2,rom_db_override,0,1,
2/2/Gun Smoke (U).nes,A8784932,2,,2,2,rom_db_override,0,1,
2/2/Hello Kitty World (J) [T-Eng1.0].nes,E214B790,2,,2,2,rom_db_override,0,1,
2/2/Hero Quest (U) (Prototype) [!].nes,A3BF2ADA,2,,2,2,rom_db_override,0,1,
2/2/Hi no Tori - Houou Hen - Gaou no Bouken (J) [p1].nes,4C7FDD56,2,,2,2,rom_db_override,0,1,
2/2/Hokuto no Ken 2 - Seikimatsu Kyuuseishu Densetsu (J) [p1].nes,B0D6590F,2,,2,2,rom_db_override,0,1,
2/2/Ikari (J) [p1].nes,24826927,2,,2,2,rom_db_override,0,1,
2/2/Ikari Warriors (E).nes,538218B2,2,,2,2,rom_db_override,0,1,
2/2/Ikari Warriors (U) (PRG 0).nes,655EFEED,2,,2,2,rom_db_override,0,1,
2/2/Ikari Warriors (U) (PRG 1) [!].nes,2D273AA4,2,,2,2,rom_db_override,0,1,
2/2/Indiana Jones and the Last Crusade (UBI Soft) (U).nes,2EA8CC16,2,,2,2,rom_db_override,0,1,
2/2/Jack Nicklaus' Greatest 18 Holes of Champ. Golf (E).nes,836FE2C2,2,,2,2,rom_db_override,0,1,
2/2/Jack Nicklaus' Greatest 18 Holes of Champ. Golf (U).nes,C313EF54,2,,2,2,rom_db_override,0,1,
2/2/Jackal (U) [a1].nes,AB58D65A,2,,2,2,rom_db_override,0,1,
2/2/Jackal (U).nes,1D5B03A5,66,,2,2,rom_db_override,0,1,
2/2/Jimmy Connor's Tennis (E).nes,B80192B7,2,,2,2,rom_db_override,0,1,
2/2/Jimmy Connor's Tennis (U).nes,00E95D86,2,,2,2,rom_db_override,0,1,
2/2/Jordan Vs Bird - One On One (U).nes,303D4371,2,,2,2,rom_db_override,0,1,
2/2/Kick Off (E).nes,D161888B,2,,2,2,rom_db_override,0,1,
2/2/Kid Kool (U).nes,AA6BB985,66,,2,2,rom_db_override,0,1,
2/2/Klash Ball (U).nes,F4DFDB14,2,,2,2,rom_db_override,0,1,
2/2/Konami Hyper Soccer (E).nes,D7B35F7D,2,,2,2,rom_db_override,0,1,
2/2/Labyrinth (J) [p1].nes,3DC64CC0,2,,2,2,rom_db_override,0,1,
2/2/Law of the West (J) [p1].nes,A7D227EF,2,,2,2,rom_db_override,0,1,
2/2/Layla (J) [p1].nes,562D3A94,2,,2,2,rom_db_override,0,1,
2/2/Legendary Wings (U).nes,A2194CAD,66,,2,2,rom_db_override,0,1,
2/2/Lifeforce (E) [!].nes,7002FE8D,2,,2,2,rom_db_override,0,1,
2/2/Lifeforce (U).nes,C4BC85A2,2,,2,2,rom_db_override,0,1,
"2/2/Little Mermaid, The (U).nes",3BE244EF,66,,2,2,rom_db_override,0,1,
2/2/Loopz (U).nes,FD8D6C75,66,,2,2,rom_db_override,0,1,
2/2/Magic Block [p1].nes,823AFD95,2,,2,2,rom_db_override,0,1,
2/2/Makaimura (J) [p1].nes,80796845,2,,2,2,rom_db_override,0,1,
2/2/Marvel's X-Men (U).nes,2D41EF92,2,,2,2,rom_db_override,0,1,
2/2/Mega Girl (Hack).nes,3EFA7E44,66,,2,2,rom_db_override,0,1,
2/2/Mega Man (E) [!].nes,94476A70,2,,2,2,rom_db_override,0,1,
2/2/Mega Man (U).nes,6EE4BB0A,66,,2,2,rom_db_override,0,1,
2/2/Mega Man in Icarus World (Hack).nes,7655D26B,66,,2,2,rom_db_override,0,1,
2/2/Metal Gear (E) [!].nes,84C4A12E,2,,2,2,rom_db_override,0,1,
2/2/NFL Football (U).nes,35B6FEBF,66,,2,2,rom_db_override,0,1,
2/2/Nekketsu Kouha - Kunio Kun (J) [p1].nes,3877CE9E,2,,2,2,rom_db_override,0,1,
2/2/Ninja Kun - Ashura no Shou (J) [T-Eng].nes,8C46A487,2,,2,2,rom_db_override,0,1,
2/2/Paperboy 2 (U).nes,3A0965B1,2,,2,2,rom_db_override,0,1,
2/2/Prince of Persia (U).nes,70CE3771,2,,2,2,rom_db_override,0,1,
2/2/Pro Wrestling (U).nes,E6F08E93,2,,2,2,rom_db_override,0,1,
2/2/Probotector (E).nes,B13F00D4,2,,2,2,rom_db_override,0,1,
2/2/Puss 'n Boots - Pero's Great Adventure (U).nes,6E0EB43E,2,,2,2,rom_db_override,0,1,
2/2/Puyo Puyo (J) [T-Eng1.0].nes,238F2146,2,,2,2,rom_db_override,0,1,
2/2/Rainbow Islands - The Story of Bubble Bobble 2 (J) [p1][a1].nes,19A7F794,2,,2,2,rom_db_override,0,1,
2/2/Rainbow Islands - The Story of Bubble Bobble 2 (U).nes,9EA1DC76,2,,2,2,rom_db_override,0,1,
2/2/Rally Bike (U).nes,E1C41D7C,2,,2,2,rom_db_override,0,1,
2/2/Rambo (U).nes,A342A5FD,2,,2,2,rom_db_override,0,1,
2/2/Renegade (U).nes,A0568E1D,2,,2,2,rom_db_override,0,1,
2/2/Robo Warrior (U).nes,810B7AB9,2,,2,2,rom_db_override,0,1,
2/2/RockMan Zero by MB Hacks (Hack).nes,FEADE8CB,66,,2,2,rom_db_override,0,1,
2/2/Rod Land (E) [!].nes,22AB9694,2,,2,2,rom_db_override,0,1,
2/2/Rush'n Attack (E).nes,E0AC6242,2,,2,2,rom_db_override,0,1,
2/2/Rush'n Attack (U).nes,DE25B90F,66,,2,2,rom_db_override,0,1,
2/2/Rygar (E) [!].nes,8F197B0A,2,,2,2,rom_db_override,0,1,
2/2/Rygar (U).nes,B3783F2A,2,,2,2,rom_db_override,0,1,
2/2/Section Z (U).nes,0FEC90D2,2,,2,2,rom_db_override,0,1,
2/2/Shanghai 2 (J) [p1].nes,C0FB91AC,2,,2,2,rom_db_override,0,1,
2/2/Shufflepuck Cafe (J) [T-Eng1.0].nes,A3D25DA6,2,,2,2,rom_db_override,0,1,
2/2/Side Pocket (U).nes,DC4DA5D4,66,,2,2,rom_db_override,0,1,
2/2/Silent Service (E).nes,FA014BA1,2,,2,2,rom_db_override,0,1,
2/2/Silent Service (U) [a1].nes,5E767671,2,,2,2,rom_db_override,0,1,
2/2/Silent Service (U).nes,B843EB84,2,,2,2,rom_db_override,0,1,
2/2/Skate or Die! (E) [!].nes,66EBDB64,2,,2,2,rom_db_override,0,1,
2/2/Skate or Die! (U) [a1].nes,B4C09A4D,2,,2,2,rom_db_override,0,1,
2/2/Skate or Die! (U).nes,423ADA8E,66,,2,2,rom_db_override,0,1,
"2/2/Smurfs, The (E) [!].nes",4022C94E,2,,2,2,rom_db_override,0,1,
2/2/Star Trek - The Next Generation (U).nes,E575687C,2,,2,2,rom_db_override,0,1,
2/2/Starship Hector (U).nes,9F432594,2,,2,2,rom_db_override,0,1,
2/2/Stinger (U).nes,C5B0B1AB,2,,2,2,rom_db_override,0,1,
2/2/Super Cars (U).nes,419461D0,2,,2,2,rom_db_override,0,1,
2/2/Super Glove Ball (U).nes,EFCF375D,2,,2,2,rom_db_override,0,1,
2/2/Super Pitfall (J) [p1].nes,9960A919,2,,2,2,rom_db_override,0,1,
2/2/Super Pitfall (U).nes,979C5314,2,,2,2,rom_db_override,0,1,
2/2/Super Star Force (J) [p1].nes,7D48D1EB,2,,2,2,rom_db_override,0,1,
2/2/Swords and Serpents (E) [!].nes,D153CAF6,2,,2,2,rom_db_override,0,1,
2/2/Swords and Serpents (U) [a1].nes,3417EC46,2,,2,2,rom_db_override,0,1,
2/2/Swords and Serpents (U).nes,3417EC46,2,,2,2,rom_db_override,0,1,
2/2/Tatakai no Banka (Trojan) (J) [h1].nes,60E563F1,2,,2,2,rom_db_override,0,1,
2/2/Tatakai no Banka (Trojan) (J) [p1].nes,3DE9BB55,2,,2,2,rom_db_override,0,1,
2/2/Terra Cresta (J) [p1].nes,D4C7F0C3,2,,2,2,rom_db_override,0,1,
2/2/Thundercade (U).nes,AFB46DD6,2,,2,2,rom_db_override,0,1,
2/2/Times of Lore (U).nes,0F86FEB4,2,,2,2,rom_db_override,0,1,
2/2/Top Gun (E) [!].nes,D78BFB28,2,,2,2,rom_db_override,0,1,
2/2/Top Gun (U).nes,4E22368D,2,,2,2,rom_db_override,0,1,
2/2/Top Gun (VS).nes,8C0C2DF5,2,,2,2,rom_db_override,0,1,
2/2/Total Recall (U).nes,248566A7,2,,2,2,rom_db_override,0,1,
2/2/Trog (U).nes,EE6892EB,2,,2,2,rom_db_override,0,1,
2/2/Trojan (E).nes,4F48B240,2,,2,2,rom_db_override,0,1,
2/2/Trojan (U).nes,FC3E5C86,2,,2,2,rom_db_override,0,1,
2/2/Tsuri Kichi Sanpei - Blue Marlin Hen (J) [p1].nes,A16AB939,2,,2,2,rom_db_override,0,1,
2/2/Twin Eagle (U).nes,CF26A149,2,,2,2,rom_db_override,0,1,
2/2/Twin Eagle - Revenge Joe's Brother (J) [p1].nes,A88D8E19,2,,2,2,rom_db_override,0,1,
2/2/VS Castlevania (VS).nes,FFBEF374,2,,2,2,rom_db_override,0,1,
2/2/WWF Wrestlemania Challenge (U).nes,A0230D75,2,,2,2,rom_db_override,0,1,
2/2/Wall Street Kid (U) [a1].nes,B6661BDA,2,,2,2,rom_db_override,0,1,
2/2/Wall Street Kid (U) [a2].nes,B6661BDA,2,,2,2,rom_db_override,0,1,
2/2/Wall Street Kid (U).nes,B6661BDA,2,,2,2,rom_db_override,0,1,
2/2/Wayne Gretzky Hockey (U).nes,15F0D3F1,2,,2,2,rom_db_override,0,1,
2/2/Winter Games (U).nes,969EF9E4,2,,2,2,rom_db_override,0,1,
2/2/Wrestlemania Challenge (E) [!].nes,138862C5,2,,2,2,rom_db_override,0,1,
2/2/Zanac (U).nes,E292AA10,2,,2,2,rom_db_override,0,1,
2/Amagon (U) [a1].nes,4B03D0C9,2,,2,,header,0,1,
2/Amagon (U) [a2].nes,9885DB04,2,,2,,header,0,1,
2/Athena (U) [a1].nes,EEBC4FB9,2,,2,,header,0,1,
2/Attack Animal Gakuen (J) [h1].nes,F765E8F8,2,,2,,header,0,1,
2/Blades of Steel - S.Amer. Championship (Blades of Steel Hack).nes,1DF60100,2,,2,,header,0,1,
2/Bman! (Rockman Hack).nes,DCD94843,2,,2,,header,0,1,
2/Cadillac (J) [hM02].nes,D34A15D9,2,,2,,header,0,1,
2/CardCaptor (Athena Hack).nes,9DC4E2C3,2,,2,,header,0,1,
2/Castlevania (PC10).nes,CD6549EA,2,,2,,header,0,1,
2/Castlevania (U) (PRG 1) [T-Port].nes,680DDB9A,2,,2,,header,0,1,
2/Castlevania (USA) (Rev 1).nes,B668C7FC,2,,2,2,rom_db_override,1,1,
2/Contra (PC10).nes,9152CE50,2,,2,,header,0,1,
2/Contra (U) [T-Port].nes,95C816B7,2,,2,,header,0,1,
2/Contra (U) [T-Port][a1].nes,2A61EFB8,2,,2,,header,0,1,
2/Double Dribble (PC10).nes,A0A6E860,2,,2,,header,0,1,
2/Double Dribble (U) (PRG 0) [p1].nes,5BC3F47D,2,,2,,header,0,1,
2/Dragon Quest 2 (J) [h1].nes,C994D8D0,2,,2,,header,0,1,
2/Dragon Quest 34 (Hack).nes,21F563C0,2,,2,,header,0,1,
2/Dragon Unit (J) [p1].nes,7132CAF3,2,,2,,header,0,1,
2/Duck Tales (U) [T-French].nes,E1565D91,2,,2,,header,0,1,
2/Duck Tales (U) [T-Port1.0].nes,F7B2CBFE,2,,2,,header,0,1,
2/Duck Tales (U) [T-Port].nes,80DB5CB5,2,,2,,header,0,1,
2/Duck Tales (U) [T-Swed].nes,49FF44B4,2,,2,,header,0,1,
"2/Fantastic Adventures of Dizzy, The (1993 Version) (U).nes",58609357,2,,2,,header,0,1,
2/Final Fantasy 2 (J) [T-Eng3-7-97].nes,2C6DF3CE,2,,2,,header,0,1,
2/Final Fantasy 2 (J) [T-Eng3-7-97][a1].nes,F2E06D04,2,,2,,header,0,1,
2/Final Fantasy 2 (J) [T-Eng3-7-97][a3].nes,94F56658,2,,2,,header,0,1,
2/Final Fantasy 2 (J) [T-Eng_Partial2].nes,AA65F915,2,,2,,header,0,1,
2/Final Fantasy 2 (J) [T-French].nes,6CD3F48C,2,,2,,header,0,1,
2/Final Fantasy 2 (J) [hM02][T-Eng1.02].nes,9B38D9E8,2,,2,,header,0,1,
2/Final Fantasy 2 (J) [hM02][T-Eng1.02][a1].nes,C93A9E46,2,,2,,header,0,1,
2/Final Fantasy 2 (J) [hM02][T-Eng1.02][a2].nes,E9D83062,2,,2,,header,0,1,
2/Final Fantasy 2 (J) [hM02][T-Eng1.02][a3].nes,9DA0A8A1,2,,2,,header,0,1,
2/Final Fantasy 2 (J) [hM02][T-Eng1.03].nes,31D6B7BD,2,,2,,header,0,1,
2/Final Fantasy 2 (J) [hM02][T-Eng1.03][a1].nes,28A92D0A,2,,2,,header,0,1,
2/Final Fantasy 2 (J) [hM02][T-Eng1.03][a2].nes,374EC6F4,2,,2,,header,0,1,
2/Final Fantasy 2 (J) [hM02][T-Eng1.03][a3].nes,033A2E54,2,,2,,header,0,1,
2/Final Fantasy 2 (J) [hM02][T-Eng1.0].nes,8A82F9C2,2,,2,,header,0,1,
2/Final Fantasy 2 (J) [hM02][T-Eng1.0][a1].nes,8C1A888B,2,,2,,header,0,1,
2/Final Fantasy 2 (J) [hM02][T-Eng1.0][a2].nes,30382AAC,2,,2,,header,0,1,
2/Final Fantasy 2 (J) [hM02][T-Port].nes,FE8248A7,2,,2,,header,0,1,
2/Final Fantasy 2 Special Edition v1.02 (Hack).nes,EFBF3E31,2,,2,,header,0,1,
2/Final Fantasy 99 (Hack).nes,44544B8A,2,,2,,header,0,1,
2/Gekitotsu Yonku Battle (J) [t1].nes,5D853F02,2,,2,,header,0,1,
"2/Goonies 2, The (U) [a1].nes",C49EDF67,2,,2,,header,0,1,
"2/Guardian Legend, The (U) [T-Span1.0].nes",FFB53B1C,2,,2,,header,0,1,
2/Gum Smoke - The Parody (Gun Smoke Hack).nes,A81B2B15,2,,2,,header,0,1,
2/Gun Smoke (U) [T-Swed1.0].nes,EFB15C03,2,,2,,header,0,1,
2/Gun Smoke (U) [T-Swed_Partial].nes,73807F0F,2,,2,,header,0,1,
2/Gun Smoke (U) [h1].nes,01E57DEB,2,,2,,header,0,1,
2/Hello Kitty World (J) [T-Eng1.0][a1].nes,8D86B58E,2,,2,,header,0,1,
2/Ide Yousuke Meijin no Jissen Maajong (J) [p1][hFFE].nes,3BCEBB61,2,,2,,header,0,1,
2/Jesus - Kyoufu no Bio Monster (J) [hM02].nes,32979126,2,,2,,header,0,1,
2/Labyrinth (J) [h1].nes,51E362DC,2,,2,,header,0,1,
2/Lifeforce (U) [p1].nes,7E26C7D0,2,,2,,header,0,1,
2/Majou Densetsu 2 - Daimashikyou Galious (J) [T-Eng0.10].nes,1F15A173,2,,2,,header,0,1,
2/Majou Densetsu 2 - Daimashikyou Galious (J) [T-Eng0.30b].nes,089D915E,2,,2,,header,0,1,
2/Majou Densetsu 2 - Daimashikyou Galious (J) [T-Eng0.31b].nes,DF16890A,2,,2,,header,0,1,
2/Marvel's X-Men (U) [a1].nes,4A9F735C,2,,2,,header,0,1,
2/Master Fighter 2.nes,6E149729,2,,2,,header,0,1,
2/Mega Man (U) [T-German0.90].nes,A669FD89,2,,2,,header,0,1,
2/Mega Man (U) [h1].nes,3483F9F0,2,,2,,header,0,1,
2/Metal Gear (U) [T-French].nes,2C855778,2,,2,,header,0,1,
2/Metal Gear (U) [T-Swed1.01b].nes,8EC09329,2,,2,,header,0,1,
2/Metal Gear (U).nes,C55A3393,2,,2,,header,0,1,
2/Mezase Pachi Pro - Pachio Kun (J) [hM02].nes,7778ABA8,2,,2,,header,0,1,
2/Micro Machines (U).nes,6B523BD7,2,,2,,header,0,1,
2/Mizushima Shinji no Dai Koushien (J) [p1][t1][hM02].nes,2DFFCA66,2,,2,,header,0,1,
"2/Naked Little Mermaid, The (Little Mermaid Hack).nes",876B80BD,2,,2,,header,0,1,
2/Nekketsu Kouha - Kunio Kun (J) [T-Eng0.95].nes,FC00C4CF,2,,2,,header,0,1,
2/Olympus no Tatakai (J) [hM02].nes,185633D5,2,,2,,header,0,1,
2/Prince of Persia (U) [a1].nes,E48C9F15,2,,2,,header,0,1,
2/Prince of Persia (U) [a2].nes,FCC603B2,2,,2,,header,0,1,
2/Pro Wrestling (PC10).nes,CD00249B,2,,2,,header,0,1,
2/Pro Yakyuu Satsujin Jiken! (J) [hM02].nes,CDCA4513,2,,2,,header,0,1,
2/Quattro Adventure (Aladdin) (U).nes,6C040686,2,,2,,header,0,1,
2/Rainbow Islands - The Story of Bubble Bobble 2 (J) [p1].nes,0F5410E3,2,,2,,header,0,1,
2/Rush'n Attack (PC10).nes,72D81DAA,2,,2,,header,0,1,
2/Rygar (PC10).nes,BE898565,2,,2,,header,0,1,
2/Seanbaby (Mega Man Hack).nes,C6DD0E09,2,,2,,header,0,1,
2/Shanghai 2 (J) [h1].nes,E62A531B,2,,2,,header,0,1,
2/Terra Cresta (U).nes,EFD51F04,2,,2,,header,0,1,
2/Thundercade (U) [p1].nes,DD7C8785,2,,2,,header,0,1,
2/Trojan (PC10).nes,B40457D5,2,,2,,header,0,1,
2/Trojan (U) [T-Span].nes,420EE62E,2,,2,,header,0,1,
2/Trojan (U) [a1].nes,16CB639A,2,,2,,header,0,1,
2/Who's Cuter (PD) [a1].nes,D7FB2A44,2,,2,,header,0,1,
2/Who's Cuter (PD).nes,E06C8CAF,2,,2,,header,0,1,
2/ZZZ_UNK_Ballblazer (J)a.nes,A98FD470,2,,2,,header,0,1,
2/ZZZ_UNK_Castle of Dragon (U).nes,42D1C50E,2,,2,,header,0,1,
2/ZZZ_UNK_Duck Tales 1 (U).nes,54DD2473,2,,2,,header,0,1,
2/ZZZ_UNK_FC2085.nes,8FAAEF86,2,,2,,header,0,1,
2/ZZZ_UNK_FC2090new!.nes,32533C2F,2,,2,,header,0,1,
2/ZZZ_UNK_FC4019zombie hunter j.nes,581E0C83,2,,2,,header,0,1,
2/ZZZ_UNK_Goonies 2 - Fratelli Saigo no Chousen (Bad CHR).nes,BCC3A7CA,2,,2,,header,0,1,
2/ZZZ_UNK_Ninja Kun - Ashura no Shou (Bad CHR ).nes,D1802752,2,,2,,header,0,1,
2/ZZZ_UNK_Super Star Force (Bad CHR 2c5731c7).nes,2C5731C7,2,,2,,header,0,1,
206/1/Super Sky Kid (VS).nes,21A653C7,4,,206,1,rom_db_override,0,1,
206/Atari RBI Baseball (VS).nes,E45485A5,151,,206,0,rom_db_override,0,1,
206/Family Boxing (J) [t1].nes,5B4C6146,4,,206,0,rom_db_override,0,1,
206/Family Mahjong 2 - Shanghai Heno Michi (J) [t1].nes,DD29FD59,4,,206,0,rom_db_override,0,1,
206/Fantasy Zone (U).nes,0FFDE258,4,,206,0,rom_db_override,0,1,
206/Freedom Force (VS).nes,832CF592,4,,206,0,rom_db_override,0,1,
206/Gauntlet (Unl) (U).nes,CD50A092,68,,206,0,rom_db_override,0,1,
206/Hi-Game 1999 - Rayban the Third [p1][!].nes,AD66557F,4,,206,0,rom_db_override,0,1,
206/Indiana Jones and the Temple of Doom (Tengen) (U).nes,139EB5B5,4,,206,0,rom_db_override,0,1,
206/Pacmania (U).nes,E73E7260,4,,206,0,rom_db_override,0,1,
"206/Quest of Ki, The (J) [t1].nes",E1526228,4,,206,0,rom_db_override,0,1,
206/RBI Baseball (U).nes,3C5C81D4,4,,206,0,rom_db_override,0,1,
206/RBI Baseball (Unl) (U).nes,2E326A1D,4,,206,0,rom_db_override,0,1,
206/RBI Baseball 2 (U).nes,96DFC776,4,,206,0,rom_db_override,0,1,
206/Ring King (U).nes,5BB62688,4,,206,0,rom_db_override,0,1,
206/Super Xevious (VS).nes,12012CD9,2,,206,0,rom_db_override,0,1,
206/Toobin (U).nes,5800BE2D,4,,206,0,rom_db_override,0,1,
206/VS TKO Boxing (VS) [!].nes,52C501D0,151,,206,0,rom_db_override,0,1,
206/Vindicators (U).nes,A8F5C2AB,4,,206,0,rom_db_override,0,1,
206/Wagan Land (J) [T-Eng100%].nes,4833A958,4,,206,0,rom_db_override,0,1,
206/Wagan Land (J) [T-Eng_Partial].nes,4833A958,4,,206,0,rom_db_override,0,1,
209/Shin Samurai Spirits 2 - Haoumaru Jigoku Hen.nes,DD4D9A62,90,,209,0,rom_db_override,0,1,
21/Wai Wai World 2 - SOS!! Paseri Jou (J) [T-Eng_100%].nes,D9D46A1B,21,,21,,header,1,1,
210/2/Splatter House - Wanpaku Graffiti (J) [T-Eng2.0].nes,D0C50F17,19,,210,2,rom_db_override,0,1,
22/TwinBee 3 - Poko Poko Dai Maou (J) [T-Eng1.02].nes,BDF1307C,22,,22,0,rom_db_override,1,1,
222/1/Dragon Ninja [p1][!].nes,CFB224E6,222,,222,1,rom_db_override,0,1,
222/Dragon Ninja [p1][!].nes,CFB224E6,222,,222,1,rom_db_override,0,1,
224/Mario 98 (SMB1 Hack).nes,52AF5F2F,224,,0,0,rom_db_override,0,1,
224/ZZZ_UNK_MARIO98.nes,52AF5F2F,224,,0,0,rom_db_override,0,1,
225/52 Games (U) [p1].nes,926F07AF,225,,225,,header,0,1,
225/58-in-1 [p1].nes,F84E2912,225,,225,,header,0,1,
225/64-in-1 (J) [p1].nes,542BED56,225,,225,0,rom_db_override,0,1,
225/72-in-1 [p1].nes,8E9AFEF0,225,,225,0,rom_db_override,0,1,
225/72-in-1 [p1][a1].nes,35555479,225,,225,,header,0,1,
226/76-in-1 (U) [p1][!].nes,147733DF,226,,226,,header,0,1,
226/76-in-1 (U) [p1][h1].nes,9AAC6754,226,,226,0,rom_db_override,0,1,
226/Super 42-in-1 [p1][!].nes,C9F92BD9,226,,226,0,rom_db_override,0,1,
227/1200-in-1 (J) [p1].nes,4962C024,227,,242,0,rom_db_override,0,1,
227/ZZZ_UNK_FC12002R.nes,1C185222,227,,227,,header,0,1,
228/Action 52 (E).nes,51C0B27E,228,,228,0,rom_db_override,0,1,
228/Action 52 (U) [!].nes,0C222495,228,,228,0,rom_db_override,0,1,
228/Cheetahmen 2 (U).nes,9AB274AE,228,,228,0,rom_db_override,0,1,
228/ZZZ_UNK_Cheetahmen 2 (Unl) (Bad CHR a42070b8).nes,A42070B8,228,,228,,header,0,1,
229/31-in-1 (J) [p1].nes,78A97FCE,229,,229,0,rom_db_override,0,1,
23/2/Akumajou Special - Boku Dracula Kun (J) [T-Eng].nes,F526B000,23,,23,2,rom_db_override,0,1,
23/3/Getsufuu Maden (J) [T-Eng1.0].nes,FB847D1A,23,,23,3,rom_db_override,0,1,
23/3/Gryzor (J) [T-Eng1.0].nes,AF85B53E,23,,23,3,rom_db_override,0,1,
23/3/Gryzor (J) [T-Eng1.0][a1].nes,C4DCBB18,23,,23,3,rom_db_override,0,1,
23/3/Wai Wai World (J) [T-Eng3.0].nes,1DB4E7FC,23,,23,3,rom_db_override,0,1,
23/Akumajou Special - Boku Dracula Kun (J) [T-Eng].nes,F526B000,23,,23,2,rom_db_override,1,1,
23/Gryzor (J) [T-Eng1.0][a2].nes,90A25FE3,23,,23,,header,0,1,
23/Kaiketsu Yanchamaru 2 - Karakuri Land (J) [hM23].nes,95192148,23,,23,,header,0,1,
23/Moe Pro! - Saikyou Hen (J) [hM23][p1].nes,F5DC3E1B,23,,23,,header,0,1,
230/22-in-1 [p1].nes,03FDEFAD,230,,230,0,rom_db_override,0,1,
231/20-in-1 (Mapper 231) [p1][!].nes,8F4FEC56,231,,231,,header,0,1,
232/1/Super Sports Challenge (Aladdin) (E).nes,A045FE1D,232,,232,1,rom_db_override,0,1,
232/Quattro Adventure (U).nes,B89888C9,232,,232,0,rom_db_override,0,1,
232/Quattro Arcade (U).nes,792070A9,232,,232,0,rom_db_override,0,1,
232/Quattro Sports (Aladdin) (U).nes,62EF6C79,232,,232,,header,0,1,
232/Quattro Sports (U).nes,CCCAF368,232,,232,0,rom_db_override,0,1,
232/Quattro Sports (V3 Plug-Thru Cart) (U).nes,B462718E,232,,232,0,rom_db_override,0,1,
232/Super Sports Challenge (Aladdin) (E).nes,A045FE1D,232,,232,1,rom_db_override,0,1,
232/ZZZ_UNK_Quattro Arcade (U).nes,EF579F1D,232,,232,,header,0,1,
232/ZZZ_UNK_Quattro Sports (V3 Plug-Thru Cart) (U).nes,0526FF0D,232,,232,,header,0,1,
233/Super 42-in-1 [p1][a1].nes,B27414ED,233,,233,0,rom_db_override,0,1,
233/Unknown Multi Cart.nes,549BEAE3,233,,233,,header,0,1,
234/Maxi 15 (A) [!].nes,93484CC9,234,,234,0,rom_db_override,0,1,
234/Maxi 15 (U).nes,2705EAEB,11,,234,0,rom_db_override,0,1,
235/150-in-1 [p1][!].nes,6175B9A0,43,,235,0,rom_db_override,0,1,
24/Akumajou Densetsu (J) [T-Eng1.0].nes,3CD832F8,24,,24,,header,0,1,
24/Akumajyou_Densetsu_(Tr).nes,D4BFC296,24,,24,0,rom_db_override,1,1,
241/Study and Game 32-in-1 [!].nes,ABB2F974,58,,241,0,rom_db_override,0,1,
242/1200-in-1 (J) [p1].nes,4962C024,227,,242,0,rom_db_override,0,1,
243/Mei Nu Quan (Honey Peach).nes,22554861,243,,243,,header,0,1,
243/Poker III 5-in-1 (Sachen) [!].nes,19C1ED51,243,,243,0,rom_db_override,0,1,
243/Poker III 5-in-1 (Sachen) [a1].nes,F56D6D46,243,,243,0,rom_db_override,0,1,
244/Cattou Ninden Teyandee (J) [T-Eng].nes,1356F6A6,244,,244,,header,0,1,
244/Cattou Ninden Teyandee (J) [T-Eng_Partial].nes,50FD4FD6,244,,244,,header,0,1,
245/Dragon Quest (J) [p1].nes,B68266C9,245,,245,,header,0,1,
245/Ying Lie Qun Xia Zhuan (Chinese).nes,98C1CD4B,245,,192,0,rom_db_override,0,1,
245/Yong Zhe Dou E Long - Dragon Quest 5.nes,82A879B7,245,,245,,header,0,1,
245/Yong Zhe Dou E Long - Dragon Quest 7.nes,260D32E0,245,,245,,header,0,1,
246/Fong Shen Bang - Zhu Lu Zhi Zhan.nes,41CF5B6A,246,,246,0,rom_db_override,0,1,
25/Goal!! (J) [p1].nes,D6D2E486,25,,25,,header,1,1,
25/ZZZ_UNK_Bio Miracle Bokutte Upa (Bad CHR ee3224a5).nes,EE3224A5,25,,25,,header,0,1,
251/Super 8-in-1 Fighting.nes,A5D2BC9F,251,,251,,header,0,1,
254/Pikachu Y2K.nes,4C485A5E,254,,254,,header,0,1,
255/110-in-1 [p1].nes,7F7F2821,255,,255,,header,0,1,
255/115-in-1 [p1][!].nes,B39D30B4,255,,255,,header,0,1,
255/115-in-1 [p1][a1].nes,33CA375A,255,,255,,header,0,1,
272/Akumajou Special - Boku Dracula Kun (J) [h1].nes,C6D62814,23,,272,0,rom_db_override,0,1,
3/1/Atlantis no Nazo (J) [hM03][a1].nes,1D31AED1,3,,3,1,rom_db_override,0,1,
3/1/Bakuchu Mondai (Mickey Mousecapade Hack).nes,E8BF92F7,3,,3,1,rom_db_override,0,1,
3/1/Colorful Dragon (Sachen).nes,F283CF58,3,,3,1,rom_db_override,0,1,
3/1/Kanshakudama Nage Kantarou no Toukaidou Gojuusan Tsugi (J) [hM03][a1].nes,45A9C9A7,3,,3,1,rom_db_override,0,1,
3/1/Mari - Ayami - Luka no AV Poker (Pu Nu Jing Ling).nes,B9FD16E1,3,,3,1,rom_db_override,0,1,
3/1/Ninja Jajamaru Kun (J) [hM03][p1].nes,C7D0AF96,3,,3,1,rom_db_override,0,1,
3/1/Side Winder (Xiang Wei She) (Joy Van).nes,5E1ADD91,3,,3,1,rom_db_override,0,1,
3/1/Venice Beach Volleyball (U) [hM03][p1].nes,2DEB12B8,3,,3,1,rom_db_override,0,1,
3/1991 Du Ma Racing (Enjoyable Horse Racing 1991).nes,C5D781C3,3,,3,,header,0,1,
3/2/ASO - Armored Scrum Object (J) [p1].nes,F99525B7,3,,3,2,rom_db_override,0,1,
3/2/Adventure Island Classic (E) [!].nes,86867830,3,,3,2,rom_db_override,0,1,
3/2/Adventures of Dino Riki (U).nes,9BDE3267,3,,3,2,rom_db_override,0,1,
3/2/Aladdin 3.nes,C9EE15A7,41,,3,2,rom_db_override,0,1,
3/2/Alpha Mission (U).nes,DBF90772,3,,3,2,rom_db_override,0,1,
3/2/Argus (J) [hM03][a1].nes,7E024394,3,,3,2,rom_db_override,0,1,
3/2/Arkanoid (J) [p1].nes,0E30EAC6,0,,3,2,rom_db_override,0,1,
3/2/Arkanoid (U).nes,32FB0583,3,,3,2,rom_db_override,0,1,
3/2/Arkista's Ring (U) [!].nes,1425D7F4,3,,3,2,rom_db_override,0,1,
3/2/Athletic World (U).nes,1771EA8F,3,,3,2,rom_db_override,0,1,
3/2/Back to the Future (U).nes,A55FA397,3,,3,2,rom_db_override,0,1,
3/2/Ballnana (Banana Hack).nes,B66A1BAE,67,,3,2,rom_db_override,0,1,
3/2/Banana (J) [hM03].nes,E1DC9B54,67,,3,2,rom_db_override,0,1,
3/2/Banana (J) [hM03][p1].nes,DE134F07,3,,3,2,rom_db_override,0,1,
3/2/Bandai Golf - Challenge Pebble Beach (U).nes,6CD46979,3,,3,2,rom_db_override,0,1,
3/2/Battle Tank (U).nes,90D68A43,3,,3,2,rom_db_override,0,1,
3/2/Bin Guo 75 (Sachen).nes,E116447F,3,,3,2,rom_db_override,0,1,
3/2/Buggy Popper (J) [p1][!].nes,9FD35802,3,,3,2,rom_db_override,0,1,
3/2/Buggy Popper (J) [p2].nes,C5FB1766,3,,3,2,rom_db_override,0,1,
3/2/Bump'n'Jump (U).nes,A0A095C4,3,,3,2,rom_db_override,0,1,
3/2/CMC 80's Demo (PD).nes,BDF9BA9B,3,,3,2,rom_db_override,0,1,
3/2/Castlequest (U).nes,12906664,3,,3,2,rom_db_override,0,1,
3/2/Choplifter (J) [hM03][a1].nes,27251D6C,3,,3,2,rom_db_override,0,1,
3/2/City Connection (J) [hM00][p1].nes,14B3D977,0,,3,2,rom_db_override,0,1,
3/2/City Connection (U).nes,AE8666B4,3,,3,2,rom_db_override,0,1,
3/2/Cybernoid - The Fighting Machine (U).nes,AC8DCDEA,67,,3,2,rom_db_override,0,1,
3/2/Dash Galaxy in the Alien Asylum (U).nes,67811DA6,3,,3,2,rom_db_override,0,1,
3/2/Destination Earthstar (U).nes,EB9960EE,3,,3,2,rom_db_override,0,1,
3/2/Dian Shi Ma Li (Mario Lottery).nes,DFEB7E98,3,,3,2,rom_db_override,0,1,
3/2/Dong Dong Nao II - Guo Zhong Ying Wen (Middle School English II) (Sachen).nes,8B9CB8F2,3,,3,2,rom_db_override,0,1,
3/2/Drop Zone (E).nes,E402B134,3,,3,2,rom_db_override,0,1,
3/2/Egypt (J) [T-Eng0.90].nes,F4B71793,3,,3,2,rom_db_override,0,1,
3/2/Firehouse Rescue (U).nes,38946C43,3,,3,2,rom_db_override,0,1,
3/2/Flipull - An Exciting Cube Game (J) [p1].nes,67755041,67,,3,2,rom_db_override,0,1,
3/2/Friday the 13th (U) [p1].nes,04F3354D,67,,3,2,rom_db_override,0,1,
3/2/Friday the 13th (U).nes,BEB15855,3,,3,2,rom_db_override,0,1,
3/2/Ganso Saiyuuki - Super Monkey Dai Bouken (J) [p1].nes,42EDE8CB,3,,3,2,rom_db_override,0,1,
3/2/Gegege no Kitarou - Youkai Dai Makyou (J) [p1].nes,886B5BD3,3,,3,2,rom_db_override,0,1,
3/2/Ghostbusters (U).nes,6A154B68,3,,3,2,rom_db_override,0,1,
"3/2/Goonies, The (J) [p1].nes",007BB58A,3,,3,2,rom_db_override,0,1,
3/2/Gotcha! (U) [p1].nes,4FBBFA74,3,,3,2,rom_db_override,0,1,
3/2/Gotcha! (U).nes,4E959173,3,,3,2,rom_db_override,0,1,
3/2/Gradius (E).nes,51C51C35,3,,3,2,rom_db_override,0,1,
3/2/Gradius (J) [p1].nes,04D800DA,3,,3,2,rom_db_override,0,1,
3/2/Gradius (PC10).nes,D8EFF0DF,3,,3,2,rom_db_override,0,1,
3/2/Gradius (U).nes,350D835E,3,,3,2,rom_db_override,0,1,
3/2/Gyruss (U).nes,1D41CC8C,64,,3,2,rom_db_override,0,1,
3/2/Hayauchi Super Igo (J) [p1].nes,98087E4D,3,,3,2,rom_db_override,0,1,
3/2/Hello Kitty no Ohanabatake (J) [T-Eng1.0].nes,A2A76290,3,,3,2,rom_db_override,0,1,
3/2/Hokuto no Ken (J) [p1].nes,BB473A41,3,,3,2,rom_db_override,0,1,
3/2/Hottaaman no Chitei Tanken (Hotman) (J) [T-Eng1.0].nes,0DBC1BFE,3,,3,2,rom_db_override,0,1,
3/2/Hottaaman no Chitei Tanken (J) [p1].nes,B79F5883,3,,3,2,rom_db_override,0,1,
3/2/Hudson's Adventure Island (U).nes,F8A713BE,3,,3,2,rom_db_override,0,1,
3/2/I Can Remember (U).nes,267DE4CC,3,,3,2,rom_db_override,0,1,
3/2/Ikinari Musician (J) [p1].nes,78EB1CFF,3,,3,2,rom_db_override,0,1,
3/2/Jajamaru no Dai Bouken (J) [hM03].nes,15C43F78,3,,3,2,rom_db_override,0,1,
3/2/Jaws (U) [!].nes,27D14A54,3,,3,2,rom_db_override,0,1,
3/2/Jaws (U) [a1].nes,304827EC,67,,3,2,rom_db_override,0,1,
3/2/John Elway's Quarterback (U).nes,CF322BB3,3,,3,2,rom_db_override,0,1,
3/2/Kage no Densetsu (J) [p1].nes,6ED1EC0B,3,,3,2,rom_db_override,0,1,
3/2/Karate Champ (U).nes,F42B0DBD,67,,3,2,rom_db_override,0,1,
"3/2/Karate Kid, The (U).nes",983948A5,3,,3,2,rom_db_override,0,1,
3/2/Kero Kero Keroppi no Dai Bouken (J) [T-Eng1.0].nes,D4E4AFCD,3,,3,2,rom_db_override,0,1,
3/2/King's Knight (J) [p1].nes,078864F2,3,,3,2,rom_db_override,0,1,
3/2/King's Knight (U).nes,01B4CA89,3,,3,2,rom_db_override,0,1,
3/2/Kings of the Beach (U).nes,F54B34BD,3,,3,2,rom_db_override,0,1,
"3/2/Last Starfighter, The (U).nes",6997F5E1,3,,3,2,rom_db_override,0,1,
3/2/Major League Baseball (U) [a1].nes,96E6C1CE,3,,3,2,rom_db_override,0,1,
3/2/Major League Baseball (U).nes,A03A422B,3,,3,2,rom_db_override,0,1,
3/2/Mario Kun (Mr. Mario).nes,76E69AD8,3,,3,2,rom_db_override,0,1,
3/2/Master Chu & The Drunkard Hu (Joy Van).nes,EBD0644D,0,,3,2,rom_db_override,0,1,
3/2/Meikyuu Kumikyoku (J) [p1].nes,F6E2BD6E,3,,3,2,rom_db_override,0,1,
3/2/Mickey Mousecapade (U).nes,7C6A3D51,67,,3,2,rom_db_override,0,1,
3/2/Mighty Bomb Jack [hM03][p1].nes,60CCE95D,3,,3,2,rom_db_override,0,1,
3/2/Milon's Secret Castle (U).nes,586A3277,3,,3,2,rom_db_override,0,1,
3/2/Monster Truck Rally (U).nes,2F698C4D,3,,3,2,rom_db_override,0,1,
3/2/Musashi no Ken - Tadaima Shugyou Chuu (J) [p1].nes,8C23DBC4,3,,3,2,rom_db_override,0,1,
3/2/Mystery Quest (U).nes,B5D28EA2,64,,3,2,rom_db_override,0,1,
3/2/Nagagutsu wo Haita Neko - Sekai Isshuu 80 Nichi Dai Bouken (J) [p1].nes,A74325EF,3,,3,2,rom_db_override,0,1,
3/2/Nagagutsu wo Haita Neko - Sekai Isshuu 80 Nichi Dai Bouken (J) [p2][!].nes,E8AF6FF5,3,,3,2,rom_db_override,0,1,
3/2/Ninja Kid (U).nes,02CC3973,3,,3,2,rom_db_override,0,1,
3/2/Paperboy (U) [p1].nes,E3F3F6AE,67,,3,2,rom_db_override,0,1,
3/2/Paperboy (U).nes,32086826,3,,3,2,rom_db_override,0,1,
3/2/Perfect Fit (U).nes,B9762DA8,3,,3,2,rom_db_override,0,1,
3/2/Puzznic (U).nes,EB61133B,3,,3,2,rom_db_override,0,1,
3/2/Q-bert (U).nes,C0B23520,3,,3,2,rom_db_override,0,1,
3/2/Sanrio Carnival (J) [p1].nes,B14E668E,3,,3,2,rom_db_override,0,1,
3/2/Sanrio Carnival 2 (J) [T-Eng1.0].nes,845EDFCD,3,,3,2,rom_db_override,0,1,
3/2/Sanrio Cup - Pon Pon Volley (J) [T-Eng].nes,1523A369,3,,3,2,rom_db_override,0,1,
3/2/Sansuu 3 Nen - Keisan Game (J) [hM03].nes,72E32402,3,,3,2,rom_db_override,0,1,
3/2/Seicross (J) [hM03][p1].nes,313615FB,3,,3,2,rom_db_override,0,1,
3/2/Shin Jinrui - The New Type (J) [p1].nes,4EF429CC,3,,3,2,rom_db_override,0,1,
3/2/Shisen Mahjang - Seifuku Hen (Regular Edition) (Joy Van).nes,C58EEA57,3,,3,2,rom_db_override,0,1,
3/2/Shooting Range (U).nes,851EB9BE,3,,3,2,rom_db_override,0,1,
3/2/Shui Guo Li [a1].nes,8DEDEA07,67,,3,2,rom_db_override,0,1,
3/2/Shui Guo Li [a2].nes,8DEDEA07,64,,3,2,rom_db_override,0,1,
3/2/Shui Guo Li.nes,4E7A6181,3,,3,2,rom_db_override,0,1,
3/2/Solar Wars 2001 (PD).nes,2EC1E92E,3,,3,2,rom_db_override,0,1,
3/2/Solomon no Kagi (J) [p1].nes,B23508FF,3,,3,2,rom_db_override,0,1,
3/2/Solomon's Key (E) [!].nes,75C3E7D4,3,,3,2,rom_db_override,0,1,
3/2/Spy Hunter (U).nes,C7197FB1,3,,3,2,rom_db_override,0,1,
3/2/Star Force (U).nes,FCE408A4,3,,3,2,rom_db_override,0,1,
3/2/Star Soldier (U).nes,262B5A1D,3,,3,2,rom_db_override,0,1,
3/2/Super Fighter Demo (PD).nes,CDF27B7C,3,,3,2,rom_db_override,0,1,
3/2/Super Team Games (U).nes,D74B2719,3,,3,2,rom_db_override,0,1,
3/2/T&C Surf Design (U).nes,D3BFF72E,3,,3,2,rom_db_override,0,1,
3/2/Tai Wan Ma Que 16 (Mahjong 16).nes,83F47FB3,3,,3,2,rom_db_override,0,1,
3/2/Takahashi Meijin no Boukenjima (J) [p1].nes,8B8E405A,3,,3,2,rom_db_override,0,1,
3/2/Tiger-Heli (E) [!].nes,40BFA660,3,,3,2,rom_db_override,0,1,
3/2/Tiger-Heli (J) [p2].nes,22A228BD,0,,3,2,rom_db_override,0,1,
3/2/Tiger-Heli (U).nes,C3C7A568,3,,3,2,rom_db_override,0,1,
3/2/Track & Field (U).nes,9C9F3571,3,,3,2,rom_db_override,0,1,
3/2/Track & Field in Barcelona (E).nes,5D99053D,3,,3,2,rom_db_override,0,1,
3/2/Transformers - Comvoy no Nazo [p1].nes,22EEEC6D,3,,3,2,rom_db_override,0,1,
3/2/Tsuppari Oozumou (J) [T-Eng1.01].nes,4301B96C,3,,3,2,rom_db_override,0,1,
3/2/Tsuppari Oozumou (J) [h1].nes,4301B96C,3,,3,2,rom_db_override,0,1,
3/2/Twin Eagle (Shuang Ying) (Joy Van).nes,7F54FFC1,3,,3,2,rom_db_override,0,1,
3/2/TwinBee [p1].nes,F9443A53,0,,3,2,rom_db_override,0,1,
3/2/Urusei Yatsura - Lum no Wedding Bell (J) [hM03].nes,F1C3ECE6,3,,3,2,rom_db_override,0,1,
3/2/World Class Track Meet (U).nes,AF4010EA,3,,3,2,rom_db_override,0,1,
3/2/ZZZ_UNK_Gotcha! The Sport (Light Gun).nes,4FBBFA74,3,,3,2,rom_db_override,0,1,
3/31-in-1 (Menu) (J).nes,BAA6CFC3,3,,3,,header,0,1,
3/Arkanoid (J) [h1].nes,C50149DB,3,,3,,header,0,1,
3/Atlantis no Nazo (J) [hM03].nes,EEB9252B,3,,3,,header,0,1,
3/Atlantis no Nazo (J) [hM03][t1].nes,B2DB4828,3,,3,,header,0,1,
3/Baseball (J) [T-Span1.0].nes,C2DCC145,3,,3,,header,0,1,
3/Battleship (U).nes,799AD3C6,3,,3,,header,0,1,
3/Bird Week (J) [hM03].nes,7F397886,3,,3,,header,0,1,
3/Championship Bowling (U) [!].nes,87645F89,3,,3,,header,0,1,
3/City Connection (J) [hM03].nes,2A763C9C,3,,3,,header,0,1,
3/Cosmo Genesis (J) [T-Eng1.0].nes,B06FA3B1,3,,3,,header,0,1,
3/Cosmo Genesis (J) [T-Engx.x].nes,E01389E9,3,,3,0,rom_db_override,0,1,
3/Dynamite Bowl (J) [p1][!].nes,24673747,3,,3,,header,0,1,
3/Flipull - An Exciting Cube Game (J) [p2].nes,2772F17C,3,,3,,header,0,1,
3/Fullscreen Interlace Demo - FDS Picture (PD).nes,A36D93C4,3,,3,,header,0,1,
3/Fullscreen Interlace Demo - Moby Picture (PD).nes,A1093D3E,3,,3,,header,0,1,
3/Fullscreen Interlace Demo - Wild Picture (PD).nes,DBEBEA63,3,,3,,header,0,1,
3/Fullscreen Interlace Demo - Zelda Picture (PD).nes,D0EF179A,3,,3,,header,0,1,
"3/Goonies, The (J) [T-Port].nes",3D992866,3,,3,,header,0,1,
"3/Goonies, The (J) [p1][hM03].nes",BF865533,3,,3,,header,0,1,
3/Gradius (E).nes,51C51C35,3,,3,2,rom_db_override,1,1,
3/Gradius (PC10) [a1].nes,9A43AB3C,3,,3,,header,0,1,
3/Hudson's Adventure Island (U) [T-Port].nes,D8537D42,3,,3,,header,0,1,
3/Hudson's Adventure Island (U) [T-Span0.99].nes,BD727FFD,3,,3,,header,0,1,
3/Initial D (City Connection Hack).nes,550F11F7,3,,3,,header,0,1,
3/Jaws (U) [a2].nes,9E946B52,3,,3,,header,0,1,
3/Joust (U).nes,CDAC270D,3,,3,,header,0,1,
3/KZ Mario Gradius (Hack).nes,F95EB124,3,,3,,header,0,1,
3/Kaison Star Force (Hack).nes,3C1B9B99,3,,3,,header,0,1,
3/Karate Champ (U) [T-Span0.99].nes,77C12190,3,,3,,header,0,1,
3/Kazion Gradius (Gradius Hack).nes,B14F60BB,3,,3,,header,0,1,
3/Kero Kero Keroppi no Dai Bouken (J) [T-Eng1.0][a1].nes,7A8F4587,3,,3,,header,0,1,
3/King's Knight (J) [T-French].nes,6CC72DE0,3,,3,,header,0,1,
3/King's Knight (U) [T-French].nes,30A7161E,3,,3,,header,0,1,
3/King's Knight (U) [T-French][a1].nes,4C6AC8EF,3,,3,,header,0,1,
3/Kung-Fu Heroes (U).nes,8B957B50,3,,3,,header,0,1,
"3/Legend of Hage, The (Kage no Densetsu Hack).nes",2F3A0340,3,,3,,header,0,1,
"3/Legend of Kage, The (U).nes",238E1848,3,,3,,header,0,1,
"3/Legend of Sean, The (Master Chu & The Drunkard Hu Hack).nes",75C95141,3,,3,,header,0,1,
3/Loderunner in Puzzle (Sanrio Carnival Hack).nes,397DB4B3,3,,3,,header,0,1,
3/Mighty Bomb Jack (U).nes,08077383,3,,3,,header,0,1,
3/Minna no Taabou no Nakayoshi Dai Sakusen (J) [T-Eng0.95].nes,AB3F0ED5,3,,3,,header,0,1,
3/Moby Demo (PD) [a1].nes,C38E9120,3,,3,,header,0,1,
3/Moby Demo (PD).nes,74632E7A,3,,3,,header,0,1,
3/Monster Rally (Russian) [!].nes,C9745875,3,,3,,header,0,1,
"3/Moonies, The (Goonies Hack).nes",7868974D,3,,3,,header,0,1,
3/Ninja Jajamaru Kun (J) [hM03].nes,8D2454B7,3,,3,,header,0,1,
3/Nishitetsu Busjack (Buggy Popper Hack).nes,BE5BDC68,3,,3,,header,0,1,
3/Paperboy (U) [h1].nes,E04F8F60,3,,3,,header,0,1,
3/Paperboy (U) [p2].nes,ACD4E5BE,3,,3,,header,0,1,
3/Pipe Block.nes,71358C06,3,,3,,header,0,1,
3/Puffy's Capades (Mickey Mousecapade Hack).nes,37603A01,3,,3,,header,0,1,
3/Sanrio Cup - Pon Pon Volley (J) [T-Eng0.85].nes,E86D73CD,3,,3,,header,0,1,
3/Sansuu 1 Nen - Keisan Game (J) [hM03].nes,21A5A053,3,,3,,header,0,1,
3/Sansuu 1 Nen - Keisan Game (J) [hM03][a1].nes,9CA42697,3,,3,,header,0,1,
3/Sansuu 2 Nen - Keisan Game (J) [hM03].nes,B5897E94,3,,3,,header,0,1,
3/Sansuu 2 Nen - Keisan Game (J) [p1][hM03].nes,A406AA39,3,,3,,header,0,1,
3/Shin Jinrui - The New Type (J) [h1].nes,B9123395,3,,3,,header,0,1,
3/Sickey Spice (Mickey Mousecapade Hack).nes,68DCFE5B,3,,3,,header,0,1,
3/Smash Ping Pong (FDS Hack) (J).nes,0DA0CD7C,3,,3,,header,0,1,
3/Solar Wars (PD) [a1].nes,BFE49BBE,3,,3,,header,0,1,
3/Solar Wars (PD).nes,40F96469,3,,3,,header,0,1,
3/Solar Wars Silent V.1 (PD).nes,F3A36C5F,3,,3,,header,0,1,
3/Solar Wars Silent V.2 (PD).nes,DB500CFE,3,,3,,header,0,1,
3/Solomon no Kagi (J) [T-Span0.99].nes,8E78595F,3,,3,,header,0,1,
3/Solomon's Key (U) [!].nes,4356194E,3,,3,,header,0,1,
3/Space Boy (Metal Fighter Hack) [p1][hM03].nes,3917C923,3,,3,,header,0,1,
3/Stadium Events (U).nes,63968624,3,,3,,header,0,1,
3/Star Soldier (J) [p1].nes,1B0909AB,3,,3,,header,0,1,
3/Star Soldier (LifeSpace Hack).nes,963BEE08,3,,3,,header,0,1,
3/Star Voyager (U).nes,374D6871,3,,3,,header,0,1,
3/Super Chinese (J) [hM03].nes,6B53222C,3,,3,,header,0,1,
3/Super Star Wars (Argus Hack).nes,369BDEF7,3,,3,,header,0,1,
3/Super X-Wing 97 (Argus Hack).nes,0C0FDCA0,3,,3,,header,0,1,
3/Takahashi Meijin no Boukenjima (Rinkaku Hack) (J).nes,CFB4DBAB,3,,3,,header,0,1,
3/Tetris (Unl) (U) [p1].nes,7DCBEA73,3,,3,,header,0,1,
3/Tetris (Unl) (U) [p2][!].nes,1AA0DBAF,3,,3,,header,0,1,
3/Tetris (Unl) (U).nes,343C7BB0,3,,3,0,rom_db_override,0,1,
3/Tiger-Heli (J) (CCE Pirate) [p1].nes,19411BD7,3,,3,,header,0,1,
3/Tiger-Heli (J) (CCE Pirate) [p1][a1].nes,8D6B46D3,3,,3,,header,0,1,
3/Tiger-Heli (J) [p1].nes,109F1ACC,3,,3,,header,0,1,
3/Track & Field (PC10).nes,3B3705A6,3,,3,,header,0,1,
3/Track & Field (U) [T-Port].nes,28E9D2E0,3,,3,,header,0,1,
3/Transformers - Comvoy no Nazo (J) [T-Eng1.00].nes,B2398E6C,3,,3,,header,0,1,
3/Transformers - Comvoy no Nazo (J) [T-Eng_70%].nes,07E09204,3,,3,,header,0,1,
3/Transformers - More Than Meets the Eye (Hack).nes,CA06483E,3,,3,,header,0,1,
3/TwinBee (J) [h1].nes,540EC028,3,,3,,header,0,1,
"3/Wing of Madoola, The (J) [hM03].nes",ADBA7064,3,,3,,header,0,1,
3/ZZZ_UNK_Back to the Future (Bad CHR b3ca1550).nes,B3CA1550,3,,3,,header,0,1,
3/ZZZ_UNK_Bandai Golf - Challenge Pebble Beach (Bad CHR).nes,D1D6FBC6,3,,3,,header,0,1,
3/ZZZ_UNK_Battleship (Bad PRG) (Bad CHR 21dd487d).nes,21DD487D,3,,3,,header,0,1,
3/ZZZ_UNK_Battleship (Bad PRG) (Bad CHR 974ff5a3).nes,974FF5A3,3,,3,,header,0,1,
3/ZZZ_UNK_Buggy Popper (Bad CHR 4007a5c7).nes,4007A5C7,3,,3,,header,0,1,
3/ZZZ_UNK_Championship Bowling (Bad CHR af2dbda9).nes,AF2DBDA9,3,,3,,header,0,1,
3/ZZZ_UNK_Cybernoid - The Fighting Machine (Bad CHR 73d437df).nes,73D437DF,3,,3,,header,0,1,
3/ZZZ_UNK_Drop Zone (Bad CHR e282c741).nes,E282C741,3,,3,,header,0,1,
3/ZZZ_UNK_FC1205.nes,8DA6805B,3,,3,,header,0,1,
3/ZZZ_UNK_Hayauchi Super Igo (Pirate) (Bad CHR 119b1ae3)(J).nes,678BC6BC,3,,3,,header,0,1,
3/ZZZ_UNK_Hayauchi Super Igo (Pirate) (Bad CHR 119b1ae3).nes,678BC6BC,3,,3,,header,0,1,
3/ZZZ_UNK_Hudson's Adventure Island (Bad CHR 7df8ed64).nes,7DF8ED64,3,,3,,header,0,1,
3/ZZZ_UNK_Hudson's Adventure Island (Bad CHR f9ccc03f).nes,F9CCC03F,3,,3,,header,0,1,
3/ZZZ_UNK_dq2_.nes,EA3BB21B,3,,3,,header,0,1,
32/Kaiketsu Yanchamaru 2 - Karakuri Land (J) [T-Eng1.01].nes,B1A416CE,32,,32,,header,1,1,
34/1/Impossible Mission 2 (U).nes,92A3D007,34,,34,1,rom_db_override,0,1,
34/2/Deadly Towers (U).nes,C2730C30,7,,34,2,rom_db_override,0,1,
"34/3-D Battles of World Runner, The (U) [hM34].nes",33258813,34,,34,,header,0,1,
"34/3-D Battles of World Runner, The (U) [hM34][a1].nes",A9A79BD4,34,,34,,header,0,1,
34/Bio Senshi Dan - Increaser tono Tatakai (J) [hM34].nes,6D56654F,34,,34,,header,0,1,
34/Dragon Ball - Shen Long no Nazo (J) [hM34].nes,022A6668,34,,34,,header,0,1,
34/Dragon Ball - Shen Long no Nazo (J) [hM34][T-Eng1.0_TransBRC].nes,60276CCC,34,,34,,header,0,1,
34/Dragon Ball - Shen Long no Nazo (J) [hM34][T-Eng].nes,37933631,34,,34,,header,0,1,
34/Mashou (J) [h1].nes,5030BCA8,34,,34,,header,0,1,
34/Mashou (J) [h2].nes,5030BCA8,34,,34,,header,0,1,
34/Mashou (J) [h3].nes,5030BCA8,34,,34,,header,0,1,
34/Mashou (J) [t1].nes,5030BCA8,34,,34,,header,0,1,
34/Mississippi Satsujin Jiken (J) [hM34].nes,F2BC4C02,34,,34,,header,0,1,
34/Mississippi Satsujin Jiken (J) [hM34][a1].nes,F2BC4C02,34,,34,,header,0,1,
34/Takahashi Meijin no Bugutte Honey (J) [hM34].nes,6E9CE3D4,34,,34,,header,0,1,
37/3-in-1 (E) [!].nes,F46EF39A,4,,37,0,rom_db_override,0,1,
4/1/Startropics (U).nes,889129CB,68,,4,1,rom_db_override,0,1,
4/1/Startropics 2 - Zoda's Revenge (U).nes,D054FFB0,4,,4,1,rom_db_override,0,1,
4/3/Alien 3 (U).nes,C527C297,4,,4,3,rom_db_override,0,1,
4/3/George Foreman's KO Boxing (U).nes,AF05F37E,4,,4,3,rom_db_override,0,1,
"4/3/Incredible Crash Dummies, The (U).nes",A80A0F01,4,,4,3,rom_db_override,0,1,
4/3/Mickey's Safari in Letterland (U).nes,982DFB38,4,,4,3,rom_db_override,0,1,
4/3/Roger Clemens MVP Baseball (U).nes,018A8699,4,,4,3,rom_db_override,0,1,
4/3/Rollerblade Racer (U).nes,2370C0A9,4,,4,3,rom_db_override,0,1,
"4/3/Simpsons - Bartman Meets Radioactive Man, The (U).nes",5991B9D0,4,,4,3,rom_db_override,0,1,
4/3/Spider-Man - Return of the Sinister Six (U) [!].nes,D679627A,4,,4,3,rom_db_override,0,1,
4/3/T&C 2 - Thrilla's Surfari (U).nes,7E57FBEC,4,,4,3,rom_db_override,0,1,
4/3/WWF King of the Ring (U).nes,7B4ED0BB,4,,4,3,rom_db_override,0,1,
4/3/WWF Steel Cage Challenge (U).nes,D4611B79,4,,4,3,rom_db_override,0,1,
4/8 Eyes (U) [T-Port1.0_BRGames].nes,39556060,4,,4,,header,0,1,
4/8 Eyes (U) [T-Port1.0_CBT].nes,AC6743C8,4,,4,,header,0,1,
4/8 Eyes (U).nes,326AB3B6,4,,4,0,rom_db_override,0,1,
4/9-in-1 - Ninja Cat (Cattou Ninden Teyandee).nes,5452966E,4,,4,0,rom_db_override,0,1,
4/AD&D Dragon Strike (U) [a1].nes,3AA6A836,4,,4,,header,0,1,
4/AD&D Dragon Strike (U).nes,2C5908A7,4,,4,0,rom_db_override,0,1,
4/AD&D Pool of Radiance (U).nes,25952141,4,,4,0,rom_db_override,0,1,
4/Abarenbou Tengu (Zombie Nation) (J) [h1].nes,75E38836,4,,4,,header,0,1,
4/Abarenbou Tengu (Zombie Nation) (J) [h2].nes,9B9472A0,4,,4,,header,0,1,
4/Adventures of Lolo 2 (U).nes,1992D163,4,,4,0,rom_db_override,0,1,
"4/Adventures of Rocky and Bullwinkle and Friends, The (U).nes",227CF577,4,,4,0,rom_db_override,0,1,
4/Afro Man (Mega Man 3 Hack).nes,9CAABA9E,4,,4,0,rom_db_override,0,1,
4/Ai Sensei no Oshiete - Watashi no Hoshi (J) [hM04].nes,569E3412,4,,4,,header,0,1,
4/Akira (J) [hM04].nes,DCB096A9,4,,4,,header,0,1,
4/Aladdin (E) [p1][hM04].nes,9CD7D385,4,,4,0,rom_db_override,0,1,
4/Aladdin (Unl).nes,7638BDB3,4,,4,0,rom_db_override,0,1,
4/Aladdin 2.nes,59114E78,4,,4,0,rom_db_override,0,1,
4/Alien Syndrome (U) [hM04].nes,57B37300,4,,4,,header,0,1,
4/Asmik Kun Land (J) [h1].nes,9FA39127,4,,4,,header,0,1,
4/Astro Fang - Super Machine (J) [h1].nes,E548385B,4,,4,0,rom_db_override,0,1,
4/Astyanax (U) (Prototype).nes,A46D7F02,4,,4,0,rom_db_override,0,1,
4/Astyanax (U) [T-Span].nes,DE9711F4,4,,4,,header,0,1,
4/Astyanax (U).nes,054CB4EB,4,,4,0,rom_db_override,0,1,
4/Bad Dudes (U).nes,161D717B,4,,4,0,rom_db_override,0,1,
4/BadDudes Vs DragonNinja (E) [!].nes,8C252AC4,4,,4,0,rom_db_override,0,1,
4/Bakushou Jinsei Gekijoh 3 (J) [p1][hM04].nes,A1577CF9,4,,4,,header,0,1,
4/Base Wars (U) [a1].nes,70BCE623,4,,4,,header,0,1,
4/Base Wars (U).nes,F00584B6,4,,4,0,rom_db_override,0,1,
4/Baseball Stars 2 (U).nes,18A9F0D9,4,,4,0,rom_db_override,0,1,
4/Bases Loaded 3 (U).nes,3ECA3DDA,4,,4,0,rom_db_override,0,1,
4/Bases Loaded 4 (U).nes,28F9B41F,4,,4,0,rom_db_override,0,1,
4/Batman (E).nes,D0F70E36,4,,4,0,rom_db_override,0,1,
4/Batman (J) [T-Port].nes,4AE24A7B,4,,4,,header,0,1,
4/Batman (U) (Prototype).nes,CB8F9AB7,4,,4,0,rom_db_override,0,1,
4/Batman (U) [T-Swed0.99].nes,D1A29FBA,4,,4,,header,0,1,
4/Batman (U).nes,13C6617E,4,,4,0,rom_db_override,0,1,
4/Batman 3 [p1].nes,163A5EDA,4,,4,0,rom_db_override,0,1,
4/Batman Happy (Hack).nes,F2904C71,4,,4,,header,0,1,
4/Batman Returns (U).nes,C247A23D,4,,4,0,rom_db_override,0,1,
4/Beauty and the Beast (E) [!].nes,C4E81924,4,,4,0,rom_db_override,0,1,
4/Bikkuri Nekketsu Shin Kiroku! - Harukanaru Kin Medal (J) [p1].nes,12D2B6B0,4,,4,,header,0,1,
4/Bill Elliott's NASCAR Challenge (U).nes,847D672D,4,,4,0,rom_db_override,0,1,
4/Blackman 2 (SMB2 Hack).nes,8CB777E9,4,,4,,header,0,1,
4/Blink 2 - Lost in Tokyo (Gauntlet Hack).nes,32A1290C,4,,4,,header,0,1,
4/Blob Bros 2 (SMB3 Hack).nes,C1A466D6,4,,4,0,rom_db_override,0,1,
4/Bloody City (River City Ransom Hack).nes,5629A3B3,4,,4,0,rom_db_override,0,1,
"4/Blue Marlin, The (U).nes",F37BEFD5,4,,4,0,rom_db_override,0,1,
4/Blue Shadow (E).nes,C92B814B,4,,4,0,rom_db_override,0,1,
4/Bo Jackson Baseball (U).nes,5FD2AAB1,4,,4,0,rom_db_override,0,1,
4/Bonk's Adventure (U).nes,4E44FF44,4,,4,0,rom_db_override,0,1,
4/Boogerman.nes,91D39B22,4,,4,,header,0,1,
4/Bowser's Revenge v2.0a (SMB3 Hack).nes,355BBE38,4,,4,,header,0,1,
4/Bram Stoker's Dracula (E).nes,89A45446,4,,4,0,rom_db_override,0,1,
4/Bram Stoker's Dracula (U).nes,DFA111F1,4,,4,0,rom_db_override,0,1,
4/Break Man 3 (Mega Man 3 Hack).nes,87AD4D32,4,,4,0,rom_db_override,0,1,
4/Bubble Bobble Part 2 (U).nes,E095C3F2,4,,4,0,rom_db_override,0,1,
4/Bucky O'Hare (E).nes,6720ABAC,4,,4,0,rom_db_override,0,1,
4/Bucky O'Hare (U) [!].nes,E19EE99C,4,,4,0,rom_db_override,0,1,
4/Bugs Bunny Birthday Bash (Prototype) (U).nes,85D02CD4,4,,4,0,rom_db_override,0,1,
"4/Bugs Bunny Birthday Blowout, The (E) [!].nes",9BD3F3C2,4,,4,0,rom_db_override,0,1,
"4/Bugs Bunny Birthday Blowout, The (U).nes",126EBF66,4,,4,0,rom_db_override,0,1,
4/Burai Fighter (U).nes,CE228874,4,,4,0,rom_db_override,0,1,
4/Capcom 30-in-1 [p1][!].nes,8E3E5045,4,,4,,header,0,1,
4/Capcom Barcelona '92 (J) [p1].nes,92A2A702,4,,4,,header,0,1,
4/Capcom OST (PD).nes,23DDCB66,4,,4,,header,0,1,
4/Captain America and the Avengers (U).nes,58C7DDAF,4,,4,0,rom_db_override,0,1,
4/Captain American [p1][!].nes,A531E1AB,4,,4,,header,0,1,
4/Captain Planet and the Planeteers (U).nes,0B404915,4,,4,0,rom_db_override,0,1,
4/Captain Tsubasa Vol 2 - Super Striker (J) [p1].nes,F793E28A,4,,4,,header,0,1,
4/Carnage 2 (SMB2 Hack) (Old).nes,A2EE1350,4,,4,,header,0,1,
4/Carnage 2 (SMB2 Hack).nes,3D8DE75F,4,,4,0,rom_db_override,0,1,
4/Carnage 3 (SMB3 Hack) (Old).nes,E50FD183,4,,4,,header,0,1,
4/Carnage 3 (SMB3 Hack) [a1].nes,58CEFC48,4,,4,,header,0,1,
4/Carnage 3 (SMB3 Hack) [a2].nes,4A82B5D4,4,,4,,header,0,1,
4/Carnage 3 (SMB3 Hack).nes,B6CA8A0E,4,,4,,header,0,1,
4/Caveman Ninja (E).nes,04142764,4,,4,0,rom_db_override,0,1,
4/Chibi Maruko Chan - Uki Uki Shopping (J) [hM04].nes,EC086BC9,4,,4,,header,0,1,
4/Cliffhanger (U).nes,57C2AE4E,4,,4,0,rom_db_override,0,1,
4/Code Name Viper (U) [T-Port].nes,AB241F44,4,,4,,header,0,1,
4/Code Name Viper (U) [T-Port][a1].nes,41500A5D,4,,4,,header,0,1,
4/Code Name Viper (U) [T-Span].nes,D86E8AE3,4,,4,,header,0,1,
4/Code Name Viper (U).nes,E2313813,4,,4,0,rom_db_override,0,1,
4/Coke Head Junkie (Code Name Viper Hack).nes,8EF4A299,4,,4,0,rom_db_override,0,1,
4/Colour 2001 Streetfighter II [!].nes,FFB3E74A,4,,4,0,rom_db_override,0,1,
4/Columbus - Ougon no Yoake (J) [T-Eng2.01].nes,C7D62AF0,4,,4,0,rom_db_override,0,1,
4/Columbus - Ougon no Yoake (J) [T-Eng_Partial].nes,0F19ABEA,4,,4,,header,0,1,
4/Conquest of the Crystal Palace (U).nes,20A5219B,4,,4,0,rom_db_override,0,1,
4/Contra Force (U) [p1].nes,B5E38091,4,,4,,header,0,1,
4/Contra Force (U).nes,A94591B0,4,,4,0,rom_db_override,0,1,
4/Cooey Found Weed (Earth Bound Hack).nes,1640420A,4,,4,0,rom_db_override,0,1,
4/Cowboy Kid (U).nes,D18E6BE3,4,,4,0,rom_db_override,0,1,
4/Crash'n The Boys Street Challenge (U).nes,C7F0C457,4,,4,0,rom_db_override,0,1,
4/Crisis Force (J) [hM04].nes,81C3AA66,4,,4,,header,0,1,
4/Crystalis (Prototype) (U) [a1].nes,340713DD,4,,4,0,rom_db_override,0,1,
4/Crystalis (Prototype) (U).nes,A232E8BE,4,,4,,header,0,1,
4/Crystalis (U) [a1].nes,DFA5BC83,4,,4,,header,0,1,
4/Crystalis (U).nes,1335CB05,4,,4,0,rom_db_override,0,1,
4/Cyberball (U).nes,88338ED5,4,,4,0,rom_db_override,0,1,
4/Dai 2 Ji - Super Robot Taisen (J) [T-Eng].nes,CA247C25,4,,4,,header,0,1,
4/Dai Kaijuu - Deburas (J) [T-Eng0.3].nes,75BC4325,4,,4,0,rom_db_override,0,1,
4/Days of Thunder (U).nes,12748678,4,,4,0,rom_db_override,0,1,
4/Dead Double Dragon Twins (Hack).nes,1D0C3C4C,4,,4,,header,0,1,
4/Death Marcher (River City Ransom Hack).nes,61CB190C,4,,4,,header,0,1,
4/Defenders of Dynatron City (U).nes,A725B2D3,4,,4,0,rom_db_override,0,1,
4/Deja Vu (SW).nes,39D43261,4,,4,0,rom_db_override,0,1,
4/Deja Vu (U).nes,43D01C10,4,,4,0,rom_db_override,0,1,
4/Di Dao Zhan (Chinese).nes,426BD504,4,,4,0,rom_db_override,0,1,
4/Dick Kids (MC Kids Hack).nes,B1DE6B66,4,,4,,header,0,1,
4/Digital Devil Story - Megami Tensei (J) [hM04].nes,66A94A81,4,,4,,header,0,1,
4/Digital Devil Story - Megami Tensei 2 (J) [hM04].nes,76D5175E,4,,4,,header,0,1,
4/Dinobot Bros (SMB2 Hack) [a1].nes,F7ABA838,4,,4,,header,0,1,
4/Dinobot Bros (SMB2 Hack) [a2].nes,5F7248C9,4,,4,,header,0,1,
4/Dinobot Bros (SMB2 Hack).nes,C62D9630,4,,4,0,rom_db_override,0,1,
4/Dirty Harry (U).nes,0C2E7863,4,,4,0,rom_db_override,0,1,
4/Doki Doki Panik! by MB Hacks (SMB2 Hack).nes,4A583680,4,,4,,header,0,1,
4/Doki! Doki! Yuuenchi (J) [T-Eng1.0].nes,6B304854,4,,4,,header,0,1,
4/Doki! Doki! Yuuenchi (J) [T-Eng1.1].nes,F6E37445,4,,4,,header,0,1,
4/Double Dragon 2 - The Revenge (J) [p1].nes,394DF2DF,4,,4,,header,0,1,
4/Double Dragon 2 - The Revenge (U).nes,8A640AEF,4,,4,0,rom_db_override,0,1,
4/Double Dragon 3 - The Rosetta Stone (J) [p1].nes,0BF306D1,4,,4,,header,0,1,
4/Double Dragon 3 - The Sacred Stones (E).nes,E9D352EB,4,,4,0,rom_db_override,0,1,
4/Double Dragon 3 - The Sacred Stones (U) [T-Span1.0].nes,A9491927,4,,4,,header,0,1,
4/Double Dragon 3 - The Sacred Stones (U).nes,50FD0CC6,4,,4,0,rom_db_override,0,1,
4/Double Moon Densetsu (J) [T-Eng_Partial].nes,6974128C,4,,4,,header,0,1,
4/Downtown - Nekketsu Koushin Kyoku - Soreyuke Dai Undoukai (J) [T-Eng.15].nes,FC217B45,4,,4,0,rom_db_override,0,1,
4/Downtown Special - Kunio Kun no Jidaigeki Dayo Zenin Shuugou! (J) [T-Eng1.0].nes,0E9D9622,4,,4,0,rom_db_override,0,1,
4/Downtown Special - Kunio Kun no Jidaigeki Dayo Zenin Shuugou! (J) [T-Eng].nes,532E9445,4,,4,,header,0,1,
4/Dragon Spirit - Aratanaru Densetsu (J) [hM04].nes,AAC9513B,4,,4,,header,0,1,
4/Dragon Spirit - The New Legend (U).nes,D7E29C03,4,,4,0,rom_db_override,0,1,
4/Dragon's Lair (E).nes,F919795D,4,,4,0,rom_db_override,0,1,
4/Dropoff 7 Demo (PD).nes,8CA8AB6F,4,,4,,header,0,1,
4/Earth Bound (Prototype) (Time Hack) (U) [h1].nes,BD5B75BC,4,,4,,header,0,1,
4/Earth Bound (Prototype) (U) [T-German1.0_GTrans].nes,B77D8084,4,,4,,header,0,1,
4/Earth Bound (Prototype) (U) [T-German1.0_GTrans][a1].nes,A20CA851,4,,4,,header,0,1,
4/Earth Bound (Prototype) (U) [h1].nes,46D8CA6F,4,,4,,header,0,1,
4/Earth Bound (Prototype) (U) [h2].nes,659CEAE8,4,,4,,header,0,1,
4/Earth Bound (Prototype) (U) [h3].nes,BBBABA9D,4,,4,,header,0,1,
4/Earth Bound (Prototype) (U).nes,53A9E2BA,4,,4,0,rom_db_override,0,1,
4/Earth Bound Alpha (Hack).nes,77B50E3B,4,,4,,header,0,1,
4/Earth Bound Zero (Neo Demiforce Hack) (U).nes,00F0FBBC,4,,4,,header,0,1,
4/Earth Bound Zero (Neo Demiforce v1.01 Hack-1) (U).nes,C7908669,4,,4,,header,0,1,
4/Earth Bound Zero (Neo Demiforce v1.01 Hack-2) (U).nes,42EC339A,4,,4,,header,0,1,
4/Erika to Satoru no Yume Bouken (J) [hM04].nes,0DB1C342,4,,4,,header,0,1,
4/Evil Kirby (Hack).nes,5920C042,4,,4,,header,0,1,
4/Evil Z 3 (SMB3 Hack).nes,2A03AE33,4,,4,,header,0,1,
4/F-1 Sensation (E) [!].nes,256392F1,4,,4,0,rom_db_override,0,1,
4/F-117a Stealth Fighter (U) [!].nes,0A7E62D4,4,,4,0,rom_db_override,0,1,
4/F-15 Strike Eagle (U).nes,0BCAA4D7,4,,4,0,rom_db_override,0,1,
4/Family Jockey (J).nes,3719A26D,4,,206,1,rom_db_override,0,1,
4/Family Mahjong (Rickachu Hack) [a1].nes,425A782F,4,,4,,header,0,1,
4/Family Mahjong (Rickachu Hack).nes,B14C911A,4,,4,,header,0,1,
4/Family Pinball (J) [t1].nes,41620B2F,4,,4,,header,0,1,
4/Famista '91 (J) [hM04].nes,4AE2ED55,4,,4,,header,0,1,
4/Famista '92 (J) [hM04].nes,5180BF90,4,,4,,header,0,1,
4/Famista '93 (J) [hM04].nes,E432F399,4,,4,,header,0,1,
4/Famista '94 (J) [hM04].nes,895FAEF2,4,,4,,header,0,1,
4/Famista '94 (J) [hM04][t1].nes,0AF1EAF2,4,,4,,header,0,1,
4/Famista '99 (Famista '89 Hack).nes,E02858DF,4,,4,,header,0,1,
4/Felix the Cat (U).nes,2CAAE01C,4,,4,0,rom_db_override,0,1,
4/Final Fantasy 3 (J) [T-Eng0.46].nes,9D27A8C5,4,,4,,header,0,1,
4/Final Fantasy 3 (J) [T-Eng0.47].nes,A70135CE,4,,4,,header,0,1,
4/Final Fantasy 3 (J) [T-Eng1.0].nes,D4D92B27,4,,4,,header,0,1,
4/Final Fantasy 3 (J) [T-Eng1.1].nes,3413789E,4,,4,0,rom_db_override,0,1,
4/Final Fantasy 3 (J) [T-Eng10-25-97].nes,8F5FE529,4,,4,,header,0,1,
4/Final Fantasy 3 (J) [T-Eng][a10].nes,008BA28D,4,,4,,header,0,1,
4/Final Fantasy 3 (J) [T-Eng][a11].nes,770FCCD7,4,,4,,header,0,1,
4/Final Fantasy 3 (J) [T-Eng][a12].nes,46EEA6D3,4,,4,,header,0,1,
4/Final Fantasy 3 (J) [T-Eng][a13].nes,E41F52D3,4,,4,,header,0,1,
4/Final Fantasy 3 (J) [T-Eng][a14].nes,07492777,4,,4,,header,0,1,
4/Final Fantasy 3 (J) [T-Eng][a15].nes,46C46B44,4,,4,,header,0,1,
4/Final Fantasy 3 (J) [T-Eng][a16].nes,9334AABA,4,,4,,header,0,1,
4/Final Fantasy 3 (J) [T-Eng][a1].nes,F296B103,4,,4,,header,0,1,
4/Final Fantasy 3 (J) [T-Eng][a2].nes,52FD48C9,4,,4,,header,0,1,
4/Final Fantasy 3 (J) [T-Eng][a3].nes,B58C3981,4,,4,,header,0,1,
4/Final Fantasy 3 (J) [T-Eng][a4].nes,D729F62A,4,,4,,header,0,1,
4/Final Fantasy 3 (J) [T-Eng][a5].nes,617952FC,4,,4,,header,0,1,
4/Final Fantasy 3 (J) [T-Eng][a7].nes,D0D5E789,4,,4,,header,0,1,
4/Final Fantasy 3 (J) [T-Eng][a8].nes,392F7F36,4,,4,,header,0,1,
4/Final Fantasy 3 (J) [T-Eng][a9].nes,8A7D51B1,4,,4,,header,0,1,
4/Final Fantasy 3 (J) [T-Span].nes,5FE27DA7,4,,4,,header,0,1,
4/Final Fantasy 3 (J) [h1].nes,E9F82388,4,,4,,header,0,1,
4/Final Fantasy 3 (J) [p1].nes,857381F0,4,,4,,header,0,1,
4/Final Fantasy 3 Spoof (Hack) [a1].nes,45F0BFDE,4,,4,,header,0,1,
4/Final Fantasy 3 Spoof (Hack).nes,ECF7AC60,4,,4,,header,0,1,
4/Final Mission (J) [p1][!].nes,F2DC8923,4,,4,,header,0,1,
4/Fire 'n Ice (U).nes,D534C98E,4,,4,0,rom_db_override,0,1,
4/Fire Emblem (J) [hM04].nes,EE64327B,4,,4,,header,0,1,
4/Fire Emblem Gaiden (J) [hM04].nes,FE3088DF,4,,4,,header,0,1,
4/Fire Emblem Gaiden (J) [hM04][T-Eng].nes,11C5DB99,4,,4,,header,0,1,
"4/Flintstones - The Rescue of Dino & Hoppy, The (E).nes",AC609320,4,,4,0,rom_db_override,0,1,
"4/Flintstones - The Rescue of Dino & Hoppy, The (U).nes",2FE20D79,4,,4,0,rom_db_override,0,1,
"4/Flintstones 2 - The Surprise at Dinosaur Peak!, The (U).nes",DAB84A9C,4,,4,0,rom_db_override,0,1,
4/Frank's (Thru World 2) (SMB2 Hack).nes,659DF65C,4,,4,,header,0,1,
4/Frank's v8.0 (SMB3 Hack).nes,67574627,4,,4,,header,0,1,
4/Fucked Up Bros 2 (SMB2 Hack).nes,01DE3C20,4,,4,,header,0,1,
4/Fucked Up North and South (Hack).nes,6D35FF41,4,,4,,header,0,1,
4/Fushigi no Umi no Nadia (J) [T-Eng1.3].nes,809C3878,4,,4,0,rom_db_override,0,1,
4/Fushigi no Umi no Nadia (J) [T-Eng_J2E].nes,4A371334,4,,4,,header,0,1,
4/Fuzzical Fighter (J) [T-Eng1.0b].nes,5128A451,4,,4,0,rom_db_override,0,1,
4/GI Joe (U).nes,1D2D93FF,4,,4,0,rom_db_override,0,1,
4/GI Joe - The Atlantis Factor (U).nes,8C8DEDB6,4,,4,0,rom_db_override,0,1,
4/Galaxy 5000 (E).nes,4F089E8A,4,,4,0,rom_db_override,0,1,
4/Galaxy 5000 (U).nes,1D20A5C6,4,,4,0,rom_db_override,0,1,
4/Ganbare Goemon 2 (J) [hM04].nes,3C539D78,4,,4,,header,0,1,
4/Gargoyle's Quest 2 - The Demon Darkness (E).nes,86C495C6,4,,4,0,rom_db_override,0,1,
4/Gargoyle's Quest 2 - The Demon Darkness (U).nes,F0E9971B,4,,4,0,rom_db_override,0,1,
4/Garou Densetsu Special.nes,D3AC6990,4,,4,0,rom_db_override,0,1,
4/Gauntlet (Nude Valkyrie Hack).nes,B19E0531,4,,4,,header,0,1,
4/Gauntlet (PC10).nes,EC968C51,4,,4,0,rom_db_override,0,1,
4/Gauntlet (U).nes,EC968C51,4,,4,0,rom_db_override,0,1,
4/Gauntlet 2 (E).nes,79F688BC,4,,4,0,rom_db_override,0,1,
4/Gauntlet 2 (U).nes,1B71CCDB,4,,4,0,rom_db_override,0,1,
4/German City (River City Ransom Hack).nes,E0088490,4,,4,0,rom_db_override,0,1,
4/Ghost Ninja (River City Ransom Hack).nes,423DE7C5,4,,4,0,rom_db_override,0,1,
4/Gold Medal Challenge '92 (U).nes,BE250388,4,,4,0,rom_db_override,0,1,
4/Gradius 2 (J) [hM04].nes,699DA6A2,4,,4,,header,0,1,
4/Gradius 2 (J) [hM04][a1].nes,1BD7ED5A,4,,4,,header,0,1,
4/Great Battle Cyber (J) [h1].nes,8172FC55,4,,4,,header,0,1,
4/Great Battle Cyber (J) [p1].nes,38D314DB,4,,4,,header,0,1,
4/Gremlins 2 - The New Batch (E) [!].nes,2B20B022,4,,4,0,rom_db_override,0,1,
4/Gremlins 2 - The New Batch (U).nes,0ED96F42,4,,4,0,rom_db_override,0,1,
4/Gun Nac (U).nes,D19DCB2B,4,,4,0,rom_db_override,0,1,
4/Hammerin' Harry (E) [!].nes,67CBC0A0,4,,4,0,rom_db_override,0,1,
4/Hario v4.46 (SMB2 Hack).nes,3B868D09,4,,4,,header,0,1,
4/Hash Cookie (Yoshi's Cookie Hack).nes,8DBDC728,4,,4,,header,0,1,
4/Heavy Barrel (U).nes,34EAB034,4,,4,0,rom_db_override,0,1,
4/Hi-Game 1999 - Super Donkey Kong 2 [p1][!].nes,831E6E0E,4,,4,0,rom_db_override,0,1,
4/Holy Knight's (Thru World 2) (SMB3 Hack).nes,8581264C,4,,4,,header,0,1,
4/Home Alone (U) [!].nes,F31D36A3,4,,4,0,rom_db_override,0,1,
4/Home Alone 2 - Lost in New York (U).nes,2E0741B6,4,,4,0,rom_db_override,0,1,
4/Hudson's Adventure Island 2 (E).nes,7E4BA78F,4,,4,0,rom_db_override,0,1,
4/Hudson's Adventure Island 2 (U) [T-Port1.0].nes,DD885480,4,,4,,header,0,1,
4/Hudson's Adventure Island 2 (U) [T-Span1.0].nes,723624E7,4,,4,,header,0,1,
4/Hudson's Adventure Island 2 (U).nes,771C8855,4,,4,0,rom_db_override,0,1,
4/Hudson's Adventure Island 3 (U) [T-Span0.95].nes,8931CE07,4,,4,,header,0,1,
4/Hudson's Adventure Island 3 (U).nes,BFBFD25D,4,,4,0,rom_db_override,0,1,
"4/Hunt for Red October, The (E) [!].nes",9C304DEC,4,,4,0,rom_db_override,0,1,
"4/Hunt for Red October, The (U).nes",03F899CD,4,,4,0,rom_db_override,0,1,
4/Ike Ike! Nekketsu Hockey Bu - Subette Koronde Dai Rantou (J) [T-Eng0.99].nes,57CA4DBB,4,,4,,header,0,1,
4/Ike Ike! Nekketsu Hockey Bu - Subette Koronde Dai Rantou (J) [T-Eng1.0_BRC].nes,FC8F6A1C,4,,4,0,rom_db_override,0,1,
4/Ike Ike! Nekketsu Hockey Bu - Subette Koronde Dai Rantou (J) [p1].nes,E23A4362,4,,4,,header,0,1,
4/Image Fight (U).nes,058F23A2,4,,4,0,rom_db_override,0,1,
"4/Immortal, The (U).nes",8889C564,4,,4,0,rom_db_override,0,1,
4/Indiana Jones and the Temple of Doom (U).nes,A0C31A57,4,,4,0,rom_db_override,0,1,
4/Infiltrator (U).nes,A2E4534F,4,,4,,header,0,1,
4/Isolated Warrior (E).nes,4BB9B840,4,,4,0,rom_db_override,0,1,
4/Isolated Warrior (U).nes,6944A01A,4,,4,0,rom_db_override,0,1,
4/Jackie Chan's Action Kung Fu (E) [!].nes,7AE5C002,4,,4,0,rom_db_override,0,1,
4/Jackie Chan's Action Kung Fu (U).nes,45A41784,4,,4,0,rom_db_override,0,1,
4/Jajamaru Ninpou Chou (J) [hM04].nes,2DC708FA,4,,4,,header,0,1,
4/James Bond Jr (E).nes,A0A5A0B9,4,,4,0,rom_db_override,0,1,
4/James Bond Jr (U).nes,F6898A59,4,,4,0,rom_db_override,0,1,
4/Jarinko Chie - Bakudan Musume no Shiawase Sagashi (J) [hM04].nes,1BD5EFEF,4,,4,,header,0,1,
"4/Jetsons - Cogswell's Caper!, The (U).nes",2BF61C53,4,,4,0,rom_db_override,0,1,
4/Jewelry Multi Cart.nes,B3EA14BA,4,,4,,header,0,1,
4/Ji Du Shan En Chou Ji - Le Comte de Monte-Cristo (Chinese).nes,A58D7260,4,,4,0,rom_db_override,0,1,
4/Joe & Mac (U).nes,26D3082C,4,,4,0,rom_db_override,0,1,
4/Joy Mecha Fight (J) [T-Eng1.0].nes,2DFE0EEC,4,,4,0,rom_db_override,0,1,
4/Joy Mecha Fight (J) [h1].nes,2DFE0EEC,4,,4,0,rom_db_override,0,1,
"4/Jungle Book, The (E) [!].nes",7DA77F11,4,,4,0,rom_db_override,0,1,
"4/Jungle Book, The (U).nes",61179BFA,4,,4,0,rom_db_override,0,1,
4/Jurassic Park (U).nes,3B7F5B3B,4,,4,0,rom_db_override,0,1,
4/Juuouki (J) [T-Port].nes,86010D1B,4,,4,,header,0,1,
4/Kabuki - Quantum Fighter (E).nes,BCCFEF1C,4,,4,0,rom_db_override,0,1,
4/Kabuki - Quantum Fighter (U) [T-Port].nes,0D31C0D9,4,,4,,header,0,1,
4/Kabuki - Quantum Fighter (U) [h1].nes,1D8E94AE,4,,4,,header,0,1,
4/Kabuki - Quantum Fighter (U).nes,7474AC92,4,,4,0,rom_db_override,0,1,
4/Kaijuu Monogatari (J) [hM04].nes,CCA380DE,4,,4,,header,0,1,
4/Karnov (J) [t1].nes,865AC145,4,,4,,header,0,1,
4/Karnov (U).nes,4E1C1E3C,4,,4,,header,0,1,
4/Kart Fighter.nes,6C15609F,4,,4,,header,0,1,
4/Kick Master (U).nes,5104833E,4,,4,0,rom_db_override,0,1,
4/Kickle Cubicle (E) [!].nes,E5901A99,4,,4,0,rom_db_override,0,1,
4/Kickle Cubicle (U).nes,CD10DCE2,4,,4,0,rom_db_override,0,1,
4/Kid Klown (U).nes,8EE7C43E,4,,4,0,rom_db_override,0,1,
4/King Kong 2 - Ikari no Megaton Punch (J) [hM04].nes,026E614B,4,,4,,header,0,1,
4/King of Fighters 99.nes,08F3544B,4,,4,0,rom_db_override,0,1,
4/King of Kings (J) [hM04].nes,1E4AFD90,4,,4,,header,0,1,
4/King's Quest V (U).nes,00837960,4,,4,0,rom_db_override,0,1,
4/Kirby's Adventure (CF).nes,37088EFF,4,,4,0,rom_db_override,0,1,
4/Kirby's Adventure (E).nes,2C088DC5,4,,4,0,rom_db_override,0,1,
4/Kirby's Adventure (U) (PRG 0).nes,D7794AFC,4,,4,0,rom_db_override,0,1,
4/Kirby's Adventure (U) (PRG 1) [!].nes,5ED6F221,4,,4,0,rom_db_override,0,1,
4/Kiwi Kraze (U).nes,563C2CC0,4,,4,0,rom_db_override,0,1,
4/Kouryuu Densetsu Villgust Gaiden (J) [T-Eng1.0].nes,3F49D239,4,,4,,header,0,1,
4/Kouryuu Densetsu Villgust Gaiden (J) [T-Eng1.0][a1].nes,77AAAA27,4,,4,,header,0,1,
4/Kouryuu Densetsu Villgust Gaiden (J) [T-Eng1.1].nes,3491253E,4,,4,0,rom_db_override,0,1,
4/Kouryuu Densetsu Villgust Gaiden (J) [T-Eng_Tarzanh].nes,DFD4E833,4,,4,0,rom_db_override,0,1,
4/Kouryuu Densetsu Villgust Gaiden (J) [h1].nes,77AAAA27,4,,4,,header,0,1,
"4/Krion Conquest, The (U) [a1].nes",28154F6C,4,,4,,header,0,1,
"4/Krion Conquest, The (U).nes",03272E9B,4,,4,0,rom_db_override,0,1,
4/Krusty's Fun House (E).nes,585BA83D,4,,4,0,rom_db_override,0,1,
4/Krusty's Fun House (U).nes,A0DF4B8F,4,,4,0,rom_db_override,0,1,
4/Kunio Kun no Nekketsu Soccer League (J) [T-Eng1.1 pentarouzero].nes,E0110567,4,,4,,header,0,1,
4/Kyouto Zaiteku Satsujin Jiken (J) [hM04].nes,42B0AAB1,4,,4,,header,0,1,
4/Kyuukyoku Harikiri Stadium (J) [hM04].nes,F3ABEE8D,4,,4,,header,0,1,
4/Last Action Hero (U) [!].nes,E7DA8A04,4,,4,0,rom_db_override,0,1,
4/Last Armageddon (J) [h1].nes,7A36CAD2,4,,4,,header,0,1,
"4/Last Ninja, The (U).nes",E353969F,4,,4,0,rom_db_override,0,1,
4/Legacy of the Wizard (U) [T-Span0.99].nes,A36C4AF8,4,,4,,header,0,1,
4/Legacy of the Wizard (U).nes,F181C021,4,,4,0,rom_db_override,0,1,
4/Legend of the Blob Brothers 2 v1.0 (SMB2 Hack).nes,DB75581E,4,,4,,header,0,1,
4/Legend of the Blob Brothers 2 v1.1 (SMB2 Hack) [a1].nes,35F429B4,4,,4,,header,0,1,
4/Legend of the Blob Brothers 2 v1.1 (SMB2 Hack).nes,CD0C440A,4,,4,,header,0,1,
4/Legends of the Diamond (U).nes,05CE560C,4,,4,0,rom_db_override,0,1,
4/Lil Stoner (Little Nemo Hack).nes,29EB6EC0,4,,4,,header,0,1,
4/Little Nemo - The Dream Master (E).nes,E0FFFBD2,4,,4,0,rom_db_override,0,1,
4/Little Nemo - The Dream Master (U) [T-Italian1.0].nes,45A4BD68,4,,4,,header,0,1,
4/Little Nemo - The Dream Master (U) [T-Port].nes,B25FABE2,4,,4,,header,0,1,
4/Little Nemo - The Dream Master (U) [T-Swed0.9b_MH].nes,D505168F,4,,4,,header,0,1,
4/Little Nemo - The Dream Master (U) [T-Swed].nes,C915B65D,4,,4,,header,0,1,
4/Little Nemo - The Dream Master (U).nes,5B4B6056,4,,4,0,rom_db_override,0,1,
4/Little Ninja Brothers (E).nes,3BB31E38,4,,4,0,rom_db_override,0,1,
4/Little Ninja Brothers (U).nes,BC7FEDB9,4,,4,0,rom_db_override,0,1,
4/Little Samson (U).nes,B5E392E2,4,,4,0,rom_db_override,0,1,
"4/Lone Ranger, The (U).nes",23D17F5E,4,,4,0,rom_db_override,0,1,
4/Lost Levels (Final) (SMB3 Hack).nes,165F4D11,4,,4,,header,0,1,
4/Low G Man (E).nes,AF65AA84,4,,4,0,rom_db_override,0,1,
4/Low G Man (U).nes,93991433,4,,4,0,rom_db_override,0,1,
4/Lu Ye Xian Zong (Chinese).nes,1104A5B9,4,,4,0,rom_db_override,0,1,
4/MC Kids (U).nes,B0EBF3DB,4,,4,0,rom_db_override,0,1,
4/Mad Max (U) [!].nes,026E41C5,4,,4,0,rom_db_override,0,1,
4/Madd City War X (River City Ransom Hack) [a1].nes,F2EF4222,4,,4,,header,0,1,
4/Madd City War X (River City Ransom Hack).nes,F0A4D2F4,4,,4,,header,0,1,
4/Mafat Conspiracy - Golgo 13 (U).nes,8A043CD6,4,,4,0,rom_db_override,0,1,
4/Magician (U) (Prototype).nes,2D1FEE70,4,,4,0,rom_db_override,0,1,
4/Magician (U).nes,91E2E863,4,,4,0,rom_db_override,0,1,
4/Mappy-Land (U).nes,83FC38F8,4,,4,0,rom_db_override,0,1,
4/Mario 16 [p1][!].nes,744A0721,4,,4,0,rom_db_override,0,1,
4/Mario 16 [p1][a1].nes,F9B0C04D,4,,4,,header,0,1,
4/Mario 7-in-1 (Mapper 04) [p1][!].nes,B5A75244,4,,4,,header,0,1,
4/Mario Disco Bros 2 (SMB2 Hack).nes,41E52222,4,,4,0,rom_db_override,0,1,
4/Mario Family 10-in-1.nes,C55B3857,4,,4,,header,0,1,
4/Mario Knight 2 (SMB2 Hack).nes,46AE9E32,4,,4,,header,0,1,
4/Mario Satanic Freak Bros 2 (SMB2 Hack).nes,A2E43579,4,,4,,header,0,1,
4/Mario is Missing! (U).nes,2055971A,4,,4,0,rom_db_override,0,1,
4/Mario's Time Machine! (U) [a1].nes,EDFA97D7,4,,4,,header,0,1,
4/Mario's Time Machine! (U).nes,55DB7E2A,4,,4,0,rom_db_override,0,1,
4/Mauntlet (Gauntlet Hack) [a1].nes,92B784E3,4,,4,,header,0,1,
4/McDonaldland (E) [!].nes,FC2F9B2D,4,,4,0,rom_db_override,0,1,
4/Mean Kickle Cubicle (Hack).nes,E4853359,4,,4,,header,0,1,
4/Mega Man 1977 (Hack).nes,8CB4E2E5,4,,4,0,rom_db_override,0,1,
4/Mega Man 3 (PC10) [!].nes,275487E8,4,,4,,header,0,1,
4/Mega Man 3 (Prototype) (U) [!].nes,12481CC0,4,,4,0,rom_db_override,0,1,
4/Mega Man 3 (U) [!].nes,603AAA57,4,,4,0,rom_db_override,0,1,
4/Mega Man 3 (U) [T-Port].nes,82B235BD,4,,4,,header,0,1,
4/Mega Man 3 Enhanced (Hack).nes,F06A5730,4,,4,0,rom_db_override,0,1,
4/Mega Man 4 (E).nes,1B932BEA,4,,4,0,rom_db_override,0,1,
4/Mega Man 4 (U).nes,2BC67AA8,4,,4,0,rom_db_override,0,1,
4/Mega Man 5 (U) [h1].nes,7D75F9CC,4,,4,,header,0,1,
4/Mega Man 5 (U).nes,3EDCF7E8,4,,4,0,rom_db_override,0,1,
4/Mega Man 6 (U) [T-German1.01].nes,68F9F347,4,,4,,header,0,1,
4/Mega Man 6 (U) [T-Norwegian_Just4Fun].nes,3471374A,4,,4,,header,0,1,
4/Mega Man 6 (U) [T-Port].nes,031F751D,4,,4,,header,0,1,
4/Mega Man 6 (U) [T-Swed1.0].nes,4F9577A6,4,,4,,header,0,1,
4/Mega Man 6 (U) [T-Swed_Partial].nes,EC169F63,4,,4,,header,0,1,
4/Mega Man 6 (U) [h1].nes,E2C59680,4,,4,,header,0,1,
4/Mega Man 6 (U).nes,988798A8,4,,4,0,rom_db_override,0,1,
4/Mega Man Bad Hair Day (Hack).nes,6D9E4F4D,4,,4,,header,0,1,
4/Mega Mario (Mega Man 5 Hack).nes,AC4A1254,4,,4,0,rom_db_override,0,1,
4/Megacrap (Rockman 5 Hack).nes,9060858A,4,,4,,header,0,1,
4/Megafag (Mega Man Hack).nes,55F0A8E4,4,,4,,header,0,1,
4/Mendel Palace (U).nes,12078AFD,4,,4,0,rom_db_override,0,1,
4/Metal Max (J) [T-Eng].nes,2EB86FA3,4,,4,,header,0,1,
4/Metal Storm (U).nes,BCACBBF4,4,,4,0,rom_db_override,0,1,
4/Michael Andretti's World Grand Prix (U).nes,942B1210,4,,4,0,rom_db_override,0,1,
4/Mickey's Adventures in Numberland (U).nes,6FB349E2,4,,4,0,rom_db_override,0,1,
4/Might and Magic (U).nes,532A27E6,4,,4,0,rom_db_override,0,1,
4/Mighty Final Fight (U) [T-French].nes,B0774DAC,4,,4,,header,0,1,
4/Mighty Final Fight (U) [T-Port1.0].nes,44FC3EA2,4,,4,,header,0,1,
4/Mighty Final Fight (U).nes,3F78037C,4,,4,0,rom_db_override,0,1,
4/Minelvaton Saga (J) [hM04].nes,C4054957,4,,4,,header,0,1,
4/Mirai Shinwa Jarvas (J) [hM04].nes,BC8E8BC7,4,,4,,header,0,1,
4/Mission Impossible (E) [!].nes,1353A134,4,,4,0,rom_db_override,0,1,
4/Mission Impossible (U).nes,E3C5BB3D,4,,4,0,rom_db_override,0,1,
4/Mitsume ga Tooru (J) [T-Eng1.01].nes,FB8672A2,4,,4,0,rom_db_override,0,1,
4/Mo Dao Shi Yin Mou (Chinese).nes,40CDD563,4,,4,0,rom_db_override,0,1,
4/Mockman 6 V.001 (Mega Man 6 Hack).nes,E0D3B18E,4,,4,0,rom_db_override,0,1,
4/Monster in My Pocket (E).nes,80250D64,4,,4,0,rom_db_override,0,1,
4/Monster in My Pocket (U).nes,E542E3CF,4,,4,0,rom_db_override,0,1,
4/Moon Crystal (J) [T-Eng1.0].nes,8085CA5D,4,,4,0,rom_db_override,0,1,
4/Mortal Kombat 3.nes,5A9664D0,4,,4,,header,0,1,
4/Mortal Kombat 4.nes,A39311CA,4,,4,0,rom_db_override,0,1,
4/Mortal Kombat Trilogy [!].nes,51CEAC29,4,,4,0,rom_db_override,0,1,
4/Mortal Kombat V1996 Turbo 30 Peoples [!].nes,27F3A202,4,,4,0,rom_db_override,0,1,
4/Mother (J) [h1].nes,7170E147,4,,4,,header,0,1,
4/Mowgli Gets a Woody (Jungle Book Hack).nes,A922075E,4,,4,,header,0,1,
4/NCAA 2000 (Tecmo Super Bowl Hack).nes,A9A7187B,4,,4,,header,0,1,
4/NCAA99 (Tecmo Super Bowl Hack).nes,51D93212,4,,4,,header,0,1,
4/NFL 99 (Tecmo Super Bowl Hack).nes,E182B6DA,4,,4,,header,0,1,
4/Namcot Mahjong 3 - Mahjong Tengoku (J) [hM04].nes,85936A5C,4,,4,,header,0,1,
4/Nekketsu Kakutou Densetsu (J) [h1].nes,ECE951EA,4,,4,0,rom_db_override,0,1,
4/Nekketsu Kakutou Densetsu (J) [p1].nes,A5B62A4C,4,,4,,header,0,1,
4/Nekketsu Kakutou Densetsu (Riki Kunio) (J) [T-Eng0.95].nes,ECE951EA,4,,4,0,rom_db_override,0,1,
4/Nekketsu Kakutou Densetsu (Riki Kunio) (J) [T-Eng0.xx].nes,09455860,4,,4,,header,0,1,
4/Nekketsu! Street Basket - Ganbare Dunk Heroes (J) [T-Eng0.50].nes,AA8940F8,4,,4,,header,0,1,
4/Nemo - Pajama Hero (J) [p1].nes,F34190B4,4,,4,,header,0,1,
4/New Zealand Story (E).nes,666BE5EC,4,,4,0,rom_db_override,0,1,
4/New-RCR (River City Ransom Hack).nes,A02E57D8,4,,4,,header,0,1,
4/Nightshade (U) [a1].nes,ED461C7D,4,,4,,header,0,1,
4/Nightshade (U).nes,A60CA3D6,4,,4,0,rom_db_override,0,1,
4/Niji no Silk Road (J) [T-Eng1.01].nes,5D965B46,4,,4,0,rom_db_override,0,1,
4/Ninja Crusaders (U).nes,3D1C4894,4,,4,0,rom_db_override,0,1,
4/Ninja Gaiden 2 - The Dark Sword of Chaos (U) (Prototype).nes,7D5F149B,4,,4,0,rom_db_override,0,1,
4/Ninja Gaiden 2 - The Dark Sword of Chaos (U) [T-Port].nes,74650AAA,4,,4,,header,0,1,
4/Ninja Gaiden 2 - The Dark Sword of Chaos (U).nes,B780521C,4,,4,0,rom_db_override,0,1,
4/Ninja Gaiden 3 - The Ancient Ship of Doom (PC10).nes,902E3168,4,,4,0,rom_db_override,0,1,
4/Ninja Gaiden 3 - The Ancient Ship of Doom (U) [T-Port_CBT].nes,69C1CD7F,4,,4,,header,0,1,
4/Ninja Gaiden 3 - The Ancient Ship of Doom (U) [T-Port_ZERO].nes,4BE64328,4,,4,,header,0,1,
4/Ninja Gaiden 3 - The Ancient Ship of Doom (U).nes,902E3168,4,,4,0,rom_db_override,0,1,
4/Nintendo World Cup (E) (REV 3).nes,7F08D0D9,4,,4,0,rom_db_override,0,1,
4/Nintendo World Cup (E).nes,8DA6667D,4,,4,0,rom_db_override,0,1,
4/Nintendo World Cup (PC10).nes,52D8EE1C,4,,4,0,rom_db_override,0,1,
4/Nintendo World Cup (U).nes,A22657FA,4,,4,0,rom_db_override,0,1,
4/Noah's Ark (E).nes,81B2A3CD,4,,4,0,rom_db_override,0,1,
4/North & South (U).nes,91D1E85B,4,,4,,header,0,1,
4/Over Horizon (E) [!].nes,9237B447,4,,4,0,rom_db_override,0,1,
4/Panic Restaurant (U).nes,435AEEC6,4,,4,0,rom_db_override,0,1,
4/Parodius (E).nes,083E4FC1,4,,4,0,rom_db_override,0,1,
4/Parodius da! (J) [p1][hM04].nes,8D40ACBC,4,,4,,header,0,1,
4/Peach & Daisy in The Ultimate Quest (SMB3 Hack).nes,8D4D00BA,4,,4,,header,0,1,
4/Peach & Daisy in The Ultimate Quest v2b (SMB3 Hack).nes,13D59586,4,,4,0,rom_db_override,0,1,
4/PepsiMan (Metro-Cross Hack).nes,B8D3A0DF,4,,4,,header,0,1,
4/Pig River City Ransom (Hack).nes,329B7D1A,4,,4,0,rom_db_override,0,1,
4/Pikachu.nes,24F4F397,4,,4,0,rom_db_override,0,1,
4/Pot Man 3 (Mega Man 3 Hack).nes,86B8008A,4,,4,,header,0,1,
4/Power Blade (PC10) [!].nes,EFF2F2BC,4,,4,,header,0,1,
4/Power Blade (U) [!].nes,5CF536F4,4,,4,0,rom_db_override,0,1,
4/Power Blade 2 (U) [p1].nes,B20F87DE,4,,4,,header,0,1,
4/Power Blade 2 (U).nes,D273B409,4,,4,0,rom_db_override,0,1,
4/Power Punch 2 (U).nes,90226E40,4,,4,0,rom_db_override,0,1,
4/Power Rangers 2 [!].nes,9CD5128C,4,,4,0,rom_db_override,0,1,
4/Pro Yakyuu - Family Stadium '85 PAL ('87 Hack).nes,B04D6933,4,,4,,header,0,1,
4/Pro Yakyuu - Family Stadium '88 (J) [h1].nes,26B07C62,4,,4,,header,0,1,
4/Probotector 2 - Return of the Evil Forces (E).nes,37A5EB52,4,,4,0,rom_db_override,0,1,
4/Proto Man (Mega Man 5 Hack).nes,823B56EA,4,,4,,header,0,1,
4/Protoman 5 (Mega Man 5 Hack).nes,D627ECB9,4,,4,0,rom_db_override,0,1,
4/Proton Man (Mega Man 3 Hack).nes,1CB7CEC3,4,,4,,header,0,1,
"4/Punisher, The (U).nes",27F8D0D2,4,,4,0,rom_db_override,0,1,
4/Punk Mario (SMB3 Hack).nes,B4A06F9F,4,,4,,header,0,1,
4/Pussy City Pimps (River City Ransom Hack).nes,5A8BD146,4,,4,,header,0,1,
4/Pyre's Mario 69 (SMB3 Hack).nes,0D2CC034,4,,4,,header,0,1,
"4/Quest of Ki, The (J) [h1].nes",1FFBAB39,4,,4,,header,0,1,
4/Questionable Crystalis (Hack).nes,EC507E92,4,,4,,header,0,1,
4/RBI Baseball 3 (U).nes,34338616,4,,4,,header,0,1,
4/Rackets & Rivals (E) [!].nes,8FA6E92C,4,,4,0,rom_db_override,0,1,
4/Rad Racer 2 (PC10) [!].nes,9B8BB2F2,4,,4,,header,0,1,
4/Rad Racer 2 (U) [!].nes,404B2E8B,4,,4,0,rom_db_override,0,1,
4/Radia Senki - Reimei Hen (J) [T-Eng1.0].nes,1590F407,4,,4,0,rom_db_override,0,1,
4/Rampage (U).nes,263AC8A0,4,,4,0,rom_db_override,0,1,
4/Rampart (U).nes,26796758,4,,4,0,rom_db_override,0,1,
4/Recovery1's (Thru World 5) (SMB2 Hack).nes,684C3A87,4,,4,,header,0,1,
4/Red Ariimaa 2 (J) [p1].nes,EE43153E,4,,4,,header,0,1,
"4/Ren & Stimpy Show, The (U).nes",E98AB943,4,,4,0,rom_db_override,0,1,
4/Retro Mario Bros 3 (SMB3 Hack) (Old).nes,D143DBDF,4,,4,,header,0,1,
4/Retro Mario Bros 3 (SMB3 Hack).nes,EE55D5A8,4,,4,0,rom_db_override,0,1,
4/Riddler's Escape From Arkham (Mega Man 3 Hack).nes,9BEC6E0C,4,,4,,header,0,1,
4/River City Brawl (River City Ransom Hack).nes,407A9119,4,,4,,header,0,1,
4/River City Nudist Colony (River City Ransom Hack).nes,1776A1D7,4,,4,,header,0,1,
4/River City Ransom (U) [T-French].nes,309C20FA,4,,4,,header,0,1,
4/River City Ransom (U).nes,E9C387EC,4,,4,0,rom_db_override,0,1,
4/Robocop (E) [!].nes,6DCBAAFD,4,,4,0,rom_db_override,0,1,
4/Robocop (U).nes,192D546F,4,,4,0,rom_db_override,0,1,
4/Robocop Vs The Terminator (Prototype) (U) [a1].nes,5C12C670,4,,4,,header,0,1,
4/Robocop Vs The Terminator (Prototype) (U).nes,DF43E073,4,,4,0,rom_db_override,0,1,
4/Rock 'n' Ball (U).nes,476E022B,4,,4,0,rom_db_override,0,1,
4/Rockin' Kats (PC10) [!].nes,3F21D4B3,4,,4,,header,0,1,
4/Rockin' Kats (U) [!].nes,8927FD4C,4,,4,0,rom_db_override,0,1,
4/Rockin' Kats (U) [T-Port1.0].nes,3A6F2891,4,,4,,header,0,1,
4/Rockman 3 - Dr Wily no Saigo! (J) [h1].nes,8B0BEFEA,4,,4,,header,0,1,
4/Rockman 3 - Dr Wily no Saigo! (J) [p1].nes,81F31409,4,,4,,header,0,1,
4/Rockman 3 Bass (Hack).nes,567CBDDA,4,,4,,header,0,1,
4/Rockman 6 (Rockman 5 - Blues no Wana! Hack).nes,3627D662,4,,4,0,rom_db_override,0,1,
4/Rockman 7 (Rockman 6) (J) [p1].nes,E3526D8B,4,,4,0,rom_db_override,0,1,
4/Rockman 7 (Rockman 6) (J) [p1][T-Eng].nes,E67AE5F9,4,,4,,header,0,1,
4/Rocman X.nes,36CA3102,4,,4,0,rom_db_override,0,1,
4/Rollergames (U) [!].nes,AA4997C1,4,,4,0,rom_db_override,0,1,
4/Roundball - 2-on-2 Challenge (U).nes,6E4DCFD2,4,,4,0,rom_db_override,0,1,
4/SMB2 Fun (Thru 3-1) (SMB2 Hack).nes,7CF39E81,4,,4,,header,0,1,
4/SMB2 Hard Type (Final) (SMB2 Hack).nes,3734CA8C,4,,4,,header,0,1,
4/SMB3 Expert (Thru World 1) (SMB3 Hack).nes,56510D87,4,,4,,header,0,1,
4/SMB3 Hard Type v8.2.147 (SMB3 Hack).nes,0EF57C9B,4,,4,,header,0,1,
4/SMB3 The 2nd Adventure v6.0 (SMB3 Hack).nes,658057DD,4,,4,,header,0,1,
4/San Guo Zhi - Ying Jie Zhan (Chinese).nes,DA07391E,4,,4,0,rom_db_override,0,1,
4/Sanma no Mei Tantei (J) [h1].nes,71192D84,4,,4,,header,0,1,
4/Shadow Warriors 2 (E) [!].nes,BC25A18B,4,,4,0,rom_db_override,0,1,
4/Shadow of the Ninja (U) [T-Port].nes,E0263832,4,,4,,header,0,1,
4/Shadow of the Ninja (U).nes,DDD90C39,4,,4,0,rom_db_override,0,1,
4/Shadowgate (E) [!].nes,13E01649,4,,4,0,rom_db_override,0,1,
4/Shadowgate (SW).nes,2B1497DC,4,,4,0,rom_db_override,0,1,
4/Shadowgate (U).nes,6A1F628A,68,,4,0,rom_db_override,0,1,
4/Shatterhand (E) [!].nes,348D3FF1,4,,4,0,rom_db_override,0,1,
4/Shatterhand (U).nes,AA20F73D,4,,4,0,rom_db_override,0,1,
4/Silver Surfer (U).nes,BEE1C0D9,4,,4,0,rom_db_override,0,1,
"4/Simpsons - Bart Vs the World, The (U).nes",445DD134,4,,4,,header,0,1,
4/Skinhead City (River City Ransom Hack).nes,53973842,4,,4,,header,0,1,
4/Skinhead Fight (Hack).nes,4C628BF6,4,,4,,header,0,1,
4/Skinhead Racing (Hack).nes,7DB95E04,4,,4,,header,0,1,
4/Skinhead on Ice (Nekketsu Hockey Hack).nes,4BC2CD38,4,,4,,header,0,1,
4/Smash TV (E) [!].nes,0B8F8128,4,,4,0,rom_db_override,0,1,
4/Smash TV (U) [!].nes,6EE94D32,4,,4,0,rom_db_override,0,1,
4/Somari.nes,DC5959D2,4,,4,0,rom_db_override,0,1,
4/Sonic 3D Blast 5 [!].nes,78872BD7,4,,4,0,rom_db_override,0,1,
4/Special Luigi Edition (Release 2) (SMB3 Hack).nes,441C3A5E,4,,4,,header,0,1,
4/Stanley - The Search for Dr Livingston (U).nes,62E2E7FC,4,,4,0,rom_db_override,0,1,
4/Star Trek - 25th Anniversary (U).nes,16EBA50A,4,,4,0,rom_db_override,0,1,
4/Star Wars (E).nes,FCD772EB,4,,4,0,rom_db_override,0,1,
4/Star Wars (Namco) (J) [hM04].nes,63AF464B,4,,4,,header,0,1,
4/Star Wars (U).nes,C1C3636B,4,,4,0,rom_db_override,0,1,
4/Star Wars - The Empire Strikes Back (U) [p1].nes,1B3A3DB3,4,,4,,header,0,1,
4/Star Wars - The Empire Strikes Back (U).nes,240DE736,4,,4,0,rom_db_override,0,1,
4/Startropics 2 - Zoda's Revenge (U) [a1].nes,12863318,4,,4,,header,0,1,
4/Stick River City Ransom (Hack).nes,DA3869AB,4,,4,,header,0,1,
4/Strange Mario Bros 2 (V06-12-2000) (SMB2 Hack).nes,D26CCEE8,4,,4,,header,0,1,
4/Strange Mario Bros 3 (V05-20-2000) (SMB3 Hack).nes,5EBADEDC,4,,4,,header,0,1,
4/Street Fighter 2000 (Street Fighter 2010 Hack).nes,DA5C9511,4,,4,,header,0,1,
4/Street Fighter 2010 (U).nes,8DA651D4,4,,4,0,rom_db_override,0,1,
4/Street Fighter VI 12 Peoples [!].nes,C6E1FF1D,4,,4,0,rom_db_override,0,1,
4/Street Gangs (E).nes,F5A1B8FB,4,,4,0,rom_db_override,0,1,
4/Subcon 2000 (Final) (SMB2 Hack).nes,72FEB09B,4,,4,,header,0,1,
4/Subcon 2000 (SMB2 Hack).nes,EF0B9DFA,4,,4,,header,0,1,
4/Sugoro Quest - Dice no Senshi Tachi (J) [T-Eng].nes,D3EE724E,4,,4,,header,0,1,
4/Super Abe Bros 3 (SMB3 Hack) (Old).nes,CF9EC1FE,4,,4,,header,0,1,
4/Super Abe Bros 3 (SMB3 Hack) [a1].nes,EFB232CA,4,,4,,header,0,1,
4/Super Abe Bros 3 (SMB3 Hack).nes,870F5064,4,,4,,header,0,1,
4/Super Acmlm Bros 2 (SMB2 Hack).nes,1F39F2FA,4,,4,,header,0,1,
4/Super Aladdin.nes,A38DF799,4,,4,0,rom_db_override,0,1,
4/Super Bald Bros 2 (SMB2 Hack).nes,E32FAE3C,4,,4,,header,0,1,
4/Super Bald Bros 3 (SMB3 Hack).nes,D77AED69,4,,4,,header,0,1,
4/Super Bros 10 Kung Fu Mari.nes,557C2CDB,4,,4,,header,0,1,
4/Super Butt Bros 3 (SMB3 Hack).nes,4D246050,4,,4,,header,0,1,
4/Super C (PC10).nes,305B4E62,4,,4,0,rom_db_override,0,1,
4/Super C (U).nes,305B4E62,4,,4,0,rom_db_override,0,1,
4/Super Carrots - A New Harvest (Release 5) (SMB2 Hack).nes,4A87A181,4,,4,,header,0,1,
4/Super Carrots - The Veggie Adventures v1.01 (SMB3 Hack).nes,214E74D7,4,,4,,header,0,1,
4/Super Carrots - The Veggie Adventures v1.05 (SMB3 Hack).nes,101E936A,4,,4,,header,0,1,
4/Super Carrots - The Veggie Adventures v1.10 (SMB3 Hack).nes,76E62182,4,,4,,header,0,1,
4/Super Carrots - The Veggie Adventures v1.13 (SMB3 Hack).nes,6944DD85,4,,4,,header,0,1,
4/Super Donkey Kong 2 [a1].nes,FC889532,4,,4,,header,0,1,
4/Super Donkey Kong 2.nes,6FB28AF7,4,,4,0,rom_db_override,0,1,
4/Super Fag Bros 3 (SMB3 Hack).nes,ACF750DA,4,,4,,header,0,1,
4/Super KKK Bros 2 (SMB2 Hack).nes,5DBA1B70,4,,4,,header,0,1,
4/Super Mario 14.nes,DEE05A23,4,,4,0,rom_db_override,0,1,
4/Super Mario Bros - Forgotten Dream (SMB2 Hack).nes,3E6F0173,4,,4,0,rom_db_override,0,1,
4/Super Mario Bros 2 (E) [!].nes,E94E883D,4,,4,0,rom_db_override,0,1,
4/Super Mario Bros 2 (E) [h1].nes,D81612F0,4,,4,,header,0,1,
4/Super Mario Bros 2 (PC10).nes,57AC67AF,4,,4,0,rom_db_override,0,1,
4/Super Mario Bros 2 (U) (PRG 0) [T-Port].nes,6B725347,4,,4,,header,0,1,
4/Super Mario Bros 2 (U) (PRG 0) [T-Swed1.0].nes,52631936,4,,4,,header,0,1,
4/Super Mario Bros 2 (U) (PRG 0) [h1].nes,FADD98B4,4,,4,,header,0,1,
4/Super Mario Bros 2 (U) (PRG 0).nes,57AC67AF,4,,4,0,rom_db_override,0,1,
4/Super Mario Bros 2 (U) (PRG 1) [T-Port].nes,3CE1BA91,4,,4,,header,0,1,
4/Super Mario Bros 2 (U) (PRG 1) [T-Swed].nes,CF963457,4,,4,,header,0,1,
4/Super Mario Bros 2 (U) (PRG 1).nes,CA594ACE,4,,4,0,rom_db_override,0,1,
4/Super Mario Bros 2 (U) [T-Polish1.04].nes,89889836,4,,4,,header,0,1,
4/Super Mario Bros 2 (U) [T-Polish1.04][a1].nes,69D7F91B,4,,4,,header,0,1,
4/Super Mario Bros 2 (U) [T-Port].nes,2D3B598F,4,,4,,header,0,1,
4/Super Mario Bros 2 - Christmas Edition (SMB2 Hack) [a1].nes,C87186C6,4,,4,0,rom_db_override,0,1,
4/Super Mario Bros 2 - Christmas Edition (SMB2 Hack).nes,5584ABA7,4,,4,,header,0,1,
4/Super Mario Bros 3 (E).nes,1ED5C801,4,,4,0,rom_db_override,0,1,
4/Super Mario Bros 3 (J) [h1].nes,4C5FA6EF,4,,4,,header,0,1,
4/Super Mario Bros 3 (J) [p1].nes,EE7614E8,4,,4,,header,0,1,
4/Super Mario Bros 3 (J) [p1][t1][!].nes,CA3CBFAC,4,,4,0,rom_db_override,0,1,
4/Super Mario Bros 3 (J) [p2].nes,9E85A7D9,4,,4,,header,0,1,
4/Super Mario Bros 3 (PC10).nes,387A616E,4,,4,,header,0,1,
4/Super Mario Bros 3 (U) (PRG 0) (MR207 Hack).nes,BB880897,4,,4,,header,0,1,
4/Super Mario Bros 3 (U) (PRG 0) (Viper Hack).nes,CACF8CF1,4,,4,,header,0,1,
4/Super Mario Bros 3 (U) (PRG 0) [T-Port].nes,F4AC6625,4,,4,,header,0,1,
4/Super Mario Bros 3 (U) (PRG 0) [T-Swed1.2].nes,B54C88AF,4,,4,,header,0,1,
4/Super Mario Bros 3 (U) (PRG 0) [T-Swed1.2][a1].nes,0B8028B8,4,,4,,header,0,1,
4/Super Mario Bros 3 (U) (PRG 0) [T-Swedx.x].nes,7CEA8D63,4,,4,,header,0,1,
4/Super Mario Bros 3 (U) (PRG 0) [h1].nes,CEBED3EA,4,,4,,header,0,1,
4/Super Mario Bros 3 (U) (PRG 0).nes,A0B0B742,4,,4,0,rom_db_override,0,1,
4/Super Mario Bros 3 (U) (PRG 1) [T-Port].nes,5CF051C8,4,,4,,header,0,1,
4/Super Mario Bros 3 (U) (PRG 1) [T-Swed1.2].nes,304FDF01,4,,4,,header,0,1,
4/Super Mario Bros 3 (U) (PRG 1) [a1].nes,5160A5E2,4,,4,,header,0,1,
4/Super Mario Bros 3 (U) (PRG 1) [a2].nes,BDD4AE44,4,,4,,header,0,1,
4/Super Mario Bros 3 (U) (PRG 1) [a3].nes,EB53E172,4,,4,,header,0,1,
4/Super Mario Bros 3 (U) (PRG 1) [h1].nes,4A40BFE1,4,,4,,header,0,1,
4/Super Mario Bros 3 (U) (PRG 1) [h2].nes,7388BEBD,4,,4,0,rom_db_override,0,1,
4/Super Mario Bros 3 (U) (PRG 1).nes,2E6301ED,4,,4,0,rom_db_override,0,1,
4/Super Mario Bros 3 - Fun Edition (SMB3 Hack).nes,4E8B429C,4,,4,,header,0,1,
4/Super Mario Bros 3 Challenge (SMB3 Hack) [a1].nes,BCDE7421,4,,4,,header,0,1,
4/Super Mario Bros 3 Challenge (SMB3 Hack) [a2].nes,C493094E,4,,4,,header,0,1,
4/Super Mario Bros 3 Challenge (SMB3 Hack).nes,66B8B258,4,,4,,header,0,1,
4/Super Mario Kart Rider.nes,3E274712,4,,4,,header,0,1,
4/Super Pikachu World V0.5 (PR Translations) (SMB2 Hack).nes,F5DF112F,4,,4,,header,0,1,
4/Super Pikachu World V0.6 (PR Translations) (SMB2 Hack).nes,3F93F598,4,,4,,header,0,1,
4/Super Pikachu World V0.7 (PR Translations) (SMB2 Hack).nes,FC0A440F,4,,4,,header,0,1,
4/Super Spike V'Ball (E) [!].nes,C05A63B2,4,,4,0,rom_db_override,0,1,
4/Super Spike V'Ball (U).nes,E840FD21,4,,4,0,rom_db_override,0,1,
4/Super Sprint (U).nes,B3D1178E,4,,4,,header,0,1,
4/Super Spy Hunter (U).nes,AB41445E,4,,4,0,rom_db_override,0,1,
4/Super SquareSoft Bros 2 (SMB2 Hack).nes,BF047CD2,4,,4,,header,0,1,
4/Super Turrican (E).nes,88C30FDA,4,,4,0,rom_db_override,0,1,
4/Sword Master (E) [!].nes,66066326,4,,4,0,rom_db_override,0,1,
4/Sword Master (J) [p1].nes,664E9906,4,,4,,header,0,1,
4/Sword Master (U).nes,465E5483,4,,4,0,rom_db_override,0,1,
4/Taiyou no Yuusha Fighbird (J) [T-Eng1.01].nes,953FFE4C,4,,4,0,rom_db_override,0,1,
4/Taiyou no Yuusha Fighbird (J) [T-Eng1.0].nes,DF38E21C,4,,4,,header,0,1,
4/Takahashi Meijin no Boukenjima 2 (J) [T-Eng].nes,715DEAE6,4,,4,,header,0,1,
4/Takahashi Meijin no Boukenjima 2 (J) [t1].nes,701B1ADF,4,,4,0,rom_db_override,0,1,
4/Takahashi Meijin no Boukenjima 4 (J) (Russian Pirate) [p1].nes,943FD73C,4,,4,,header,0,1,
4/Takahashi Meijin no Boukenjima 4 (J) [T-Eng0.99].nes,4C7490E4,4,,4,,header,0,1,
4/Takahashi Meijin no Boukenjima 4 (J) [T-Eng1.0].nes,45F4FA8C,4,,4,0,rom_db_override,0,1,
4/Takahashi Meijin no Boukenjima 4 (J) [T-Span0.90].nes,4088FE21,4,,4,,header,0,1,
4/Takeshi no Sengoku Fuuunji (J) [hM04].nes,E12F8246,4,,4,,header,0,1,
4/Tarzan - The Quest of Dice Heroes (Sugoro Quest Hack).nes,37AAB7D9,4,,4,,header,0,1,
4/Tecmo NBA Basketball (U).nes,2651F227,4,,4,0,rom_db_override,0,1,
4/Tecmo Super Bowl (U) ('98 NFL Season Hack).nes,38E1C5DB,4,,4,,header,0,1,
4/Tecmo Super Bowl (U).nes,179A0D57,4,,4,0,rom_db_override,0,1,
4/Tecmo Super Bowl 2000 (Tecmo Super Bowl Hack).nes,C03F1311,4,,4,,header,0,1,
4/Tecmo Super Bowl 98 (Hack).nes,406BB013,4,,4,,header,0,1,
4/Teenage Mammal Ninja Chipmunks 2 (TMNT2 Hack).nes,24AB1AB0,4,,4,,header,0,1,
4/Teenage Mutant Hero Turtles 2 (E) [!].nes,C5657C12,4,,4,0,rom_db_override,0,1,
4/Teenage Mutant Ninja Turtles 2 (PC10).nes,A9217EA2,4,,4,0,rom_db_override,0,1,
4/Teenage Mutant Ninja Turtles 2 (U) [p1].nes,82B9BBA7,4,,4,,header,0,1,
4/Teenage Mutant Ninja Turtles 2 (U).nes,A9217EA2,4,,4,0,rom_db_override,0,1,
4/Teenage Mutant Ninja Turtles 3 (U).nes,BB6D7949,4,,4,0,rom_db_override,0,1,
4/Teenage Mutant Ninja Turtles Tournament Fighters (U) [h1].nes,D75F7736,4,,4,,header,0,1,
4/Teenage Mutant Ninja Turtles Tournament Fighters (U).nes,86964EDD,4,,4,0,rom_db_override,0,1,
4/Teenage Mutant Smoker Turtles (Hack).nes,A0E4A1B8,4,,4,,header,0,1,
4/Tenchi wo Kurau 2 - Shokatsu Koumei Den (J) [T-Eng1.10].nes,ACC36920,4,,4,,header,0,1,
4/Tenchi wo Kurau 2 - Shokatsu Koumei Den (J) [T-Eng1.11].nes,0383F94B,4,,4,,header,0,1,
4/Tenchi wo Kurau 2 - Shokatsu Koumei Den (J) [T-Eng1.12].nes,2D2C99BF,4,,4,0,rom_db_override,0,1,
4/Tenchi wo Kurau 2 - Shokatsu Koumei Den (J) [T-Engx.xx].nes,0A921260,4,,4,,header,0,1,
4/Tenchi wo Kurau 2 - Shokatsu Koumei Den (J) [p1].nes,AC05EBB7,4,,4,,header,0,1,
4/Terminator 2 - Judgement Day (E) [!].nes,18A04825,4,,4,0,rom_db_override,0,1,
4/Terminator 2 - Judgement Day (U) (Prototype).nes,01934171,4,,4,0,rom_db_override,0,1,
4/Terminator 2 - Judgement Day (U) [T-Port].nes,1050CA30,4,,4,,header,0,1,
4/Terminator 2 - Judgement Day (U).nes,0FE4FC74,4,,4,,header,0,1,
"4/Terminator, The (U).nes",6272C549,4,,4,0,rom_db_override,0,1,
4/Tetrastar - The Fighter (J) [T-Eng].nes,7E6E6E78,4,,4,0,rom_db_override,0,1,
4/Tetris 2 (E).nes,5D2B1962,4,,4,0,rom_db_override,0,1,
4/Tetris 2 (U) [!].nes,5C8FF74F,4,,4,,header,0,1,
4/Tetsuwan Atom (J) [hM04].nes,6B5858B6,4,,4,,header,0,1,
4/Tie Fighter 2 (SMB2 Hack) (Old).nes,643411EF,4,,4,,header,0,1,
4/Tie Fighter 2 (SMB2 Hack) [a1].nes,5ABB2089,4,,4,,header,0,1,
4/Tie Fighter 2 (SMB2 Hack).nes,C0EF49AC,4,,4,0,rom_db_override,0,1,
4/Time Zone (J) [T-Eng_1.2].nes,88E4A5F7,4,,4,,header,0,1,
4/Tiny Mario Adventures.nes,A2BD26DE,4,,4,0,rom_db_override,0,1,
4/Tiny Toon Adventures (U) [T-Port].nes,24D37952,4,,4,,header,0,1,
4/Tiny Toon Adventures (U) [T-Span].nes,1EBF7064,4,,4,,header,0,1,
4/Tiny Toon Adventures (U) [h1].nes,F51D5515,4,,4,,header,0,1,
4/Tiny Toon Adventures (U).nes,99DDDB04,4,,4,0,rom_db_override,0,1,
4/Tiny Toon Adventures 2 - Trouble in Wackyland (U).nes,81A5EB65,4,,4,0,rom_db_override,0,1,
4/Tiny Toon Adventures Cartoon Workshop (U).nes,9E6092A4,4,,4,0,rom_db_override,0,1,
4/To The Earth (U).nes,DE8FD935,4,,4,0,rom_db_override,0,1,
4/Toki (U).nes,7FB74A43,4,,4,0,rom_db_override,0,1,
4/Tokkyuu Shirei - Solbrain (J) [T-Eng_1.01].nes,2546F95E,4,,4,0,rom_db_override,0,1,
4/Tokkyuu Shirei - Solbrain (J) [T-Eng_1.0].nes,86EF8087,4,,4,,header,0,1,
4/Tokkyuu Shirei - Solbrain (J) [h1].nes,245B5C2F,4,,4,,header,0,1,
4/Tom & Jerry (and Tuffy) (U).nes,D63B30F5,4,,4,0,rom_db_override,0,1,
4/Tom & Jerry 3.nes,0AA49929,4,,4,0,rom_db_override,0,1,
4/Tom Servo (Mega Man 3 Hack).nes,80C15E96,4,,4,0,rom_db_override,0,1,
4/Toobin (U) [a1].nes,CE66D847,4,,4,,header,0,1,
4/Top Gun - The Second Mission (E).nes,E1C59D94,4,,4,0,rom_db_override,0,1,
4/Top Gun - The Second Mission (U).nes,6F8AF3E8,4,,4,0,rom_db_override,0,1,
4/Top Striker (J) [hM04].nes,86CA126D,4,,4,,header,0,1,
4/Totally Rad (E) [!].nes,02E0ADA4,4,,4,0,rom_db_override,0,1,
4/Totally Rad (U).nes,B629D555,4,,4,0,rom_db_override,0,1,
4/Toxic Crusaders (U).nes,F009DDD2,4,,4,0,rom_db_override,0,1,
4/Transformers Episode 2 - Return of Unicon (SMB2 Hack).nes,5B1B4B2A,4,,4,0,rom_db_override,0,1,
4/Trolls in Crazyland (E).nes,E681B300,4,,4,0,rom_db_override,0,1,
4/Turtle Ninja 2 (TMNT CCE Pirate) (U) [p1].nes,0C5F40A6,4,,4,,header,0,1,
4/Twin Cobra (U).nes,0EF730E7,4,,4,0,rom_db_override,0,1,
4/Ufouria (E).nes,4EC0FECC,4,,4,0,rom_db_override,0,1,
4/Ultimate Air Combat (U).nes,E387C77F,4,,4,0,rom_db_override,0,1,
4/Ultimate Basketball (U).nes,9F6CE171,4,,4,0,rom_db_override,0,1,
4/Ultimate Mega Man 3 (Hack).nes,C6D8CD42,4,,4,,header,0,1,
4/Ultimate SMB3 (Final) (SMB3 Hack).nes,8AD0F417,4,,4,0,rom_db_override,0,1,
4/Ultraman Club - Kaijuu Dai Kessen!! (J) [p1].nes,BDC65C91,4,,4,,header,0,1,
4/Uninvited (U).nes,9BAC73EF,4,,4,0,rom_db_override,0,1,
4/VS TKO Boxing (VS) [f1].nes,8764C6FA,4,,4,,header,0,1,
4/Vice - Project Doom (U).nes,753768A6,4,,4,0,rom_db_override,0,1,
4/WCW World Championship Wrestling (U).nes,5EA7D410,4,,4,0,rom_db_override,0,1,
4/WWF Steel Cage Challenge (E).nes,21F2A1A6,4,,4,0,rom_db_override,0,1,
4/Wacky Races (U).nes,401521F7,4,,4,0,rom_db_override,0,1,
4/Wagan Land 2 (J) [hM04].nes,E922037C,4,,4,,header,0,1,
4/Wait and See.nes,BC7364BB,4,,4,0,rom_db_override,0,1,
4/Walkuere no Bouken - Toki no Kagi Densetsu (J) [T-Eng100%].nes,76B99D51,4,,4,,header,0,1,
4/Wanpaku Kokkun no Gourmet World (J) [T-Eng].nes,8FD22A43,4,,4,0,rom_db_override,0,1,
4/Wario's Woods (U).nes,F79A75D7,4,,4,0,rom_db_override,0,1,
4/Wayne's World (U).nes,B0CD000F,4,,4,0,rom_db_override,0,1,
4/Werewolf - The Last Warrior (U) [p1].nes,D1EF63A4,4,,4,,header,0,1,
4/Werewolf - The Last Warrior (U).nes,333C48A0,4,,4,0,rom_db_override,0,1,
4/Where in Time is Carmen Sandiego (U).nes,917770D8,4,,4,0,rom_db_override,0,1,
4/Where's Waldo (U).nes,C3463A3D,4,,4,0,rom_db_override,0,1,
4/Whomp'Em (U).nes,6FD5A271,4,,4,0,rom_db_override,0,1,
4/Widget (U).nes,E7C981A2,4,,4,0,rom_db_override,0,1,
4/Wilford Brimley Battle (River City Ransom Hack).nes,BA428F36,4,,4,,header,0,1,
4/Wizardry - The Knight of Diamonds (U).nes,6BC33D2F,4,,4,0,rom_db_override,0,1,
4/Wolverine (U).nes,35476E87,4,,4,0,rom_db_override,0,1,
4/World Champ (U) [!].nes,8593E5AD,4,,4,0,rom_db_override,0,1,
4/Wu Shi Hun (Samurai Shodown).nes,EDB662C5,4,,4,0,rom_db_override,0,1,
4/Wurm (U).nes,EB803610,4,,4,0,rom_db_override,0,1,
4/Yong Zhe Dou E Long - Dragon Quest 6.nes,6BEA1235,245,,4,0,rom_db_override,0,1,
4/Yoshi's Cookie (U).nes,52B58732,4,,4,0,rom_db_override,0,1,
"4/Young Indiana Jones Chronicles, The (U).nes",35C6F574,4,,4,0,rom_db_override,0,1,
4/Ys 2 - Ancient Ys Vanished The Final Chapter (J) [T-Eng0.4].nes,76406FDC,4,,4,,header,0,1,
4/Ys 2 - Ancient Ys Vanished The Final Chapter (J) [T-Eng1.0].nes,A38D21F6,4,,4,0,rom_db_override,0,1,
4/Ys 2 - Ancient Ys Vanished The Final Chapter (J) [T-Eng_Partial].nes,490D38E1,4,,4,,header,0,1,
4/Yume Penguin Monogatari (J) [p1].nes,FF5BC685,4,,4,,header,0,1,
4/ZZZ_UNK_Bo Jackson Baseball (Bad CHR 02ef4f34).nes,02EF4F34,4,,4,,header,0,1,
4/ZZZ_UNK_Bugs Bunny Birthday Bash (Prototype) (Bad CHR).nes,38092324,4,,4,,header,0,1,
4/ZZZ_UNK_Castle Quest (Bad CHR 85f4bd4a).nes,85F4BD4A,4,,4,,header,0,1,
4/ZZZ_UNK_Chiyo no Fuji no Ooichou (Bad CHR 862d2bdb).nes,862D2BDB,4,,4,,header,0,1,
4/ZZZ_UNK_Cliffhanger (Bad CHR be32e213).nes,BE32E213,4,,4,,header,0,1,
4/ZZZ_UNK_Cyberball (Bad CHR a8b0727a).nes,A8B0727A,4,,4,,header,0,1,
4/ZZZ_UNK_Dragon Buster 2 - Yami no Fuuin (Bad CHR 09daaabf).nes,09DAAABF,4,,4,,header,0,1,
4/ZZZ_UNK_Dragon Slayer 4 - Drasle Family (Bad CHR 92f84fb1).nes,92F84FB1,4,,4,,header,0,1,
4/ZZZ_UNK_Dragon's Lair (Bad CHR 1f0b8fe2).nes,1F0B8FE2,4,,4,,header,0,1,
4/ZZZ_UNK_FC2090.nes,7F2C334A,4,,4,,header,0,1,
4/ZZZ_UNK_FC2092_worldgames.nes,24A889CB,4,,4,,header,0,1,
4/ZZZ_UNK_FC3020G.nes,8BC00BF2,4,,4,,header,0,1,
4/ZZZ_UNK_FC3023G.nes,26945C1C,4,,4,,header,0,1,
4/ZZZ_UNK_FC3033_.nes,41620B2F,4,,4,,header,0,1,
4/ZZZ_UNK_FC4255C.nes,F2594374,0,,4,0,rom_db_override,0,1,
4/ZZZ_UNK_FC6019M_godslayer.nes,79698B98,4,,4,0,rom_db_override,0,1,
4/ZZZ_UNK_Hudson's Adventure Island 2 (Bad CHR b59345e6).nes,B59345E6,4,,4,,header,0,1,
4/ZZZ_UNK_Hudson's Adventure Island 2 (Bad CHR d7863b26).nes,D7863B26,4,,4,,header,0,1,
4/ZZZ_UNK_Hudson's Adventure Island 3 (Bad CHR 9bfa5174).nes,9BFA5174,4,,4,,header,0,1,
4/ZZZ_UNK_Kouryuu Densetsu Villgust Gaiden (Bad CHR).nes,DD5BA3DD,4,,4,,header,0,1,
4/ZZZ_UNK_Megaman V.nes,3EDCF7E8,4,,4,0,rom_db_override,0,1,
4/ZZZ_UNK_SOF_v1b.nes,88843A21,4,,4,,header,0,1,
4/ZZZ_UNK_Shadow of the Ninja (U) (262160).nes,8B42B6F4,4,,4,,header,0,1,
4/ZZZ_UNK_Shadowgate (S) (262288).nes,76F2D481,4,,4,,header,0,1,
4/ZZZ_UNK_Super Contra 7.nes,43DB0D06,4,,4,0,rom_db_override,0,1,
4/ZZZ_UNK_Super Mario Bros 3 - Lost Levels.nes,75BF9598,4,,4,,header,0,1,
4/ZZZ_UNK_Takahashi Meijin no Boukenjima 4 (Bad CHR).nes,F51CE9CE,4,,4,,header,0,1,
4/ZZZ_UNK_The Gorilla Man [jap] (458768).nes,C41A4BCE,4,,4,,header,0,1,
4/Zen Intergalactic Ninja (U).nes,D8578BFD,4,,4,0,rom_db_override,0,1,
4/Zoids Mokushiroku (J) [p1].nes,A2C0CAB7,4,,4,,header,0,1,
4/Zombie Nation (U).nes,03FB57B6,4,,4,0,rom_db_override,0,1,
40/Super Mario Bros 2 (J) [p1].nes,8E010B17,40,,40,0,rom_db_override,0,1,
41/Caltron 6-in-1 (U).nes,4686C5DD,41,,41,0,rom_db_override,0,1,
42/Ai Senshi Nicol.nes,579E5BC5,42,,42,,header,0,1,
42/Bio Miracle Bokutte Upa (AKA Mario Baby) (Chinese).nes,6BF3F6A3,42,,42,0,rom_db_override,0,1,
43/Super Mario Bros 2 (LF36) (J) [p1].nes,4F9BF9BC,0,,43,0,rom_db_override,0,1,
44/7-in-1 [p1][!].nes,5B5FBE84,44,,44,0,rom_db_override,0,1,
45/Brain Series 12-in-1 [!].nes,7F9BC8E5,45,,45,0,rom_db_override,0,1,
45/HIK 7-in-1.nes,8F7B2FE7,45,,45,0,rom_db_override,0,1,
45/Kunio 8-in-1 [p1][!].nes,6C71FEAE,44,,45,0,rom_db_override,0,1,
45/Super 1000000-in-1 (Menu) [p1][!].nes,20DF0149,45,,45,,header,0,1,
45/Super 3-in-1 [p1][!].nes,B7594365,45,,45,0,rom_db_override,0,1,
45/Super 4-in-1 [p1][!].nes,602D7E1B,45,,45,0,rom_db_override,0,1,
45/Super 8-in-1 [p1][!].nes,4EAA8D0E,45,,45,0,rom_db_override,0,1,
46/RumbleStation 15-in-1.nes,93216279,46,,46,0,rom_db_override,0,1,
47/Super Spike V'Ball - Nintendo World Cup (U) [!].nes,407D6FFD,47,,47,0,rom_db_override,0,1,
49/Super HIK 4-in-1 [p1][!].nes,BD25BDC0,49,,49,,header,0,1,
5/BAPSACRSTRKCGTF (Demo Phase 1) (AKA B00daw's Folly) (PD).nes,18DEEE22,5,,5,,header,0,1,
5/BAPSACRSTRKCGTF (Demo Phase 2) (AKA B00daw's Folly) (PD).nes,FC6CB425,5,,5,,header,0,1,
5/Bandit Kings of Ancient China (U) [a1].nes,5AA80E33,5,,5,,header,0,1,
5/Bandit Kings of Ancient China (U).nes,15FE6D0F,5,,5,0,rom_db_override,0,1,
5/Castlevania 3 - Dracula's Curse (E).nes,671F23A8,5,,5,0,rom_db_override,0,1,
5/Castlevania 3 - Dracula's Curse (U).nes,ED2465BE,5,,5,0,rom_db_override,0,1,
5/Castlevania III - Dracula's Curse (USA).nes,ED2465BE,5,,5,0,rom_db_override,0,1,
5/Demo Boy 2.nes,3CBCFC54,0,,5,0,rom_db_override,0,1,
5/Ganbare Goemon Gaiden - Kieta Ougon Kiseru (J) [p1].nes,DF2391B3,5,,5,,header,0,1,
5/Gemfire (U).nes,0EC6C023,5,,5,0,rom_db_override,0,1,
5/L'Empereur (U) [a1].nes,26533405,5,,5,,header,0,1,
5/L'Empereur (U).nes,9C18762B,5,,5,0,rom_db_override,0,1,
5/Laser Invasion (U).nes,B0480AE9,5,,5,0,rom_db_override,0,1,
5/Nobunaga's Ambition 2 (U).nes,8CE478DB,5,,5,0,rom_db_override,0,1,
5/Romance of the Three Kingdoms 2 (U) [!].nes,F011E490,5,,5,0,rom_db_override,0,1,
5/Uncharted Waters (U).nes,ACA15643,5,,5,0,rom_db_override,0,1,
50/Super Mario Bros 2 (different levels) [p2][!].nes,313491ED,50,,50,0,rom_db_override,0,1,
51/11-in-1 Ball Games [!].nes,A912B064,51,,51,0,rom_db_override,1,1,
52/Mario 7-in-1 (Mapper 52) [p1][!].nes,68FE207F,52,,52,0,rom_db_override,0,1,
53/Supervision 16-in-1.nes,7E449555,53,,53,0,rom_db_override,0,1,
56/Super Mario Bros 3 [p2][!].nes,0C7E94C3,56,,56,0,rom_db_override,0,1,
561/2/Final Fantasy (J) [hM02][a1].nes,62F3D761,2,,561,2,rom_db_override,0,1,
561/2/Final Fantasy 2 (J) [T-Eng_Partial1].nes,7BAEF185,2,,561,2,rom_db_override,0,1,
561/Highway Star (J) [hM02][p1].nes,0446282F,2,,561,0,rom_db_override,0,1,
561/Olympus no Tatakai (J) [hM02][a1].nes,E41F10F9,2,,561,0,rom_db_override,0,1,
561/Salamander (J) [hM02].nes,27F77729,2,,561,0,rom_db_override,0,1,
561/Super Pinball (J) [hM02].nes,FAFF4177,2,,561,0,rom_db_override,0,1,
561/ZZZ_UNK_FC2128.nes,A6639A15,0,,561,0,rom_db_override,0,1,
57/54-in-1 (Game Star - GK-54) [!].nes,46CA6CF0,57,,57,0,rom_db_override,0,1,
57/6-in-1 (Game Star - GK-L01A) [!].nes,15BFC1B4,57,,57,0,rom_db_override,0,1,
57/6-in-1 (SuperGK-L02A) [!].nes,BE2E1A20,57,,57,0,rom_db_override,0,1,
57/GK-47-in-1.nes,CE5ACB82,57,,57,0,rom_db_override,0,1,
58/68-in-1 (Game Star - HKX5268) [!].nes,28A377FC,58,,58,0,rom_db_override,0,1,
59/Super 35-in-1 (6-in-1 VT5201).nes,2BBA037A,0,,59,0,rom_db_override,0,1,
59/TN 95-in-1 (6-in-1).nes,6D92DFF1,60,,59,0,rom_db_override,0,1,
6/1/Be-Bop-Highschool - Koukousei Gokuraku Densetsu (J) [hFFE].nes,B69EB14E,6,,6,1,rom_db_override,0,1,
6/1/Cosmo Police - Galivan (J) [hFFE][p1].nes,5679E4DC,6,,6,1,rom_db_override,0,1,
6/1/Hyakkiyakou (J) [hFFE][p1].nes,45A3F009,6,,6,1,rom_db_override,0,1,
6/1/Moero!! Pro Tennis (J) [hFFE][p1].nes,39E1A201,6,,6,1,rom_db_override,0,1,
"6/1/Money Game, The (J) [hFFE].nes",1495414C,6,,6,1,rom_db_override,0,1,
6/1/Satomi Hakkenden (J) [hM17].nes,A32AA1DD,17,,6,1,rom_db_override,0,1,
6/2/Ankoku Shinwa - Yamato Takeru Densetsu (J) [p1][hM02].nes,8FDB8F62,2,,6,2,rom_db_override,0,1,
6/2/Bikkuriman World - Gekitou Sei Senshi (J) [p1][hM02].nes,E66E59A0,2,,6,2,rom_db_override,0,1,
6/2/Bloody Warriors - Shan-Go no Gyakushuu (J) [p1][hM02].nes,256441EB,2,,6,2,rom_db_override,0,1,
6/2/Deep Dungeon 3 - Yuushi heno Tabi (J) [hM02].nes,A65D3207,2,,6,2,rom_db_override,0,1,
6/2/Dragon Quest 3 (J) [hM02].nes,7090B851,2,,6,2,rom_db_override,0,1,
6/2/Final Fantasy (J) [hM02].nes,AB07C7F3,2,,6,2,rom_db_override,0,1,
6/2/Final Fantasy 2 (J) [hM02].nes,EC04F0DA,2,,6,2,rom_db_override,0,1,
6/2/Gambler Jiko Chuushin Ha - Mahjong Game (J) [p1][hM02].nes,053C4699,2,,6,2,rom_db_override,0,1,
6/2/Hokuto no Ken 4 - Shichisei Haken Den - Hokuto Shinken no Kanata he (J) [hM02].nes,694C5297,2,,6,2,rom_db_override,0,1,
6/2/Hototogisu (J) [hM02].nes,6DE472F4,2,,6,2,rom_db_override,0,1,
6/2/Ikari 2 - Dogosoken (J) [hM02].nes,A875C5E9,2,,6,2,rom_db_override,0,1,
6/2/Kaguya Hime Densetsu (J) [hM02].nes,D0C6E757,2,,6,2,rom_db_override,0,1,
6/2/Kujaku Ou (J) [hM02].nes,B39BAB34,2,,6,2,rom_db_override,0,1,
6/2/Maison Ikkoku (J) [hM02].nes,39AA20F0,2,,6,2,rom_db_override,0,1,
6/2/Mei Tantei Holmes - Kiri no London Satsujin Jiken (J) [hM02].nes,F2679D5A,2,,6,2,rom_db_override,0,1,
6/2/Momotarou Densetsu (J) [hM02].nes,C9ACEC1D,2,,6,2,rom_db_override,0,1,
6/2/Nobunaga no Yabou - Zenkoku Ban (J) [hM02].nes,3DAE3335,2,,6,2,rom_db_override,0,1,
6/2/Pachio Kun 2 (J) [p1][hM02].nes,C346B2CC,2,,6,2,rom_db_override,0,1,
6/2/Pro Yakyuu Satsujin Jiken! (J) [p1][hM02].nes,09A6FF02,2,,6,2,rom_db_override,0,1,
6/2/Reigen Doushi (J) [hM02].nes,7D32ACB9,2,,6,2,rom_db_override,0,1,
6/2/Rockman 2 - Dr Wily no Nazo (J) [p1][hM02].nes,CC8A8652,2,,6,2,rom_db_override,0,1,
6/2/Salad no Kuni no Tomato Hime (J) [hM02].nes,C4966242,2,,6,2,rom_db_override,0,1,
6/2/Satsui no Kaisou - Power Soft Satsujin Jiken (J) [hM02].nes,0D52E2E6,2,,6,2,rom_db_override,0,1,
6/2/Shoukoushi Ceddie (J) [p1][hM02].nes,EA2B9D3F,2,,6,2,rom_db_override,0,1,
6/2/Super Black Onyx (J) [h1].nes,7B4B6E51,1,,6,2,rom_db_override,0,1,
6/2/Super Black Onyx (J) [hM02].nes,654D7A3E,2,,6,2,rom_db_override,0,1,
6/2/Super Momotarou Dentetsu (J) [p1][hM02].nes,705E13CA,2,,6,2,rom_db_override,0,1,
6/2/Sweet Home (J) [p1][hM02].nes,F982CDF5,2,,6,2,rom_db_override,0,1,
6/2/Taiyou no Shinden - Asteka 2 (J) [hM02].nes,7AEE2161,2,,6,2,rom_db_override,0,1,
6/2/Ultima - Kyoufu no Exodus (J) [hM02].nes,21EBE345,2,,6,2,rom_db_override,0,1,
6/2/Ys (J) [hM02].nes,282AA7E0,2,,6,2,rom_db_override,0,1,
6/2/Zoids 2 - Zenebasu no Gyakushuu (J) [hM02].nes,BDE10416,2,,6,2,rom_db_override,0,1,
6/3/Kaiketsu Yanchamaru (J) [hFFE].nes,A388E20C,6,,6,3,rom_db_override,0,1,
6/5/Argus (J) [hM03].nes,DA6CCD81,3,,6,5,rom_db_override,0,1,
6/5/Chou Hen (J) [p1].nes,F5F5AA5D,3,,6,5,rom_db_override,0,1,
6/5/Hokuto no Ken (J) [h1].nes,EDE55D1C,3,,6,5,rom_db_override,0,1,
6/5/Kanshakudama Nage Kantarou no Toukaidou Gojuusan Tsugi (J) [hM03].nes,7D44B948,3,,6,5,rom_db_override,0,1,
6/5/Puzzle (U) [a1].nes,2FA8CBB4,67,,6,5,rom_db_override,0,1,
6/5/Shin Jinrui - The New Type (J) [p2].nes,C4FEE54C,3,,6,5,rom_db_override,0,1,
6/5/Tai Wan Ma Que 16 (Mahjong 16) [p1].nes,48F0419B,3,,6,5,rom_db_override,0,1,
6/6/Choplifter (J) [hM03].nes,275DCC83,3,,6,6,rom_db_override,0,1,
6/7/Boku Koku Shuu Kin (J) [p1].nes,AF4A01FF,64,,6,7,rom_db_override,0,1,
6/Abadox (J) [hFFE][p1].nes,7ADD69E6,6,,6,,header,0,1,
6/Air Fortress (J) [hFFE].nes,40DC7962,6,,6,,header,0,1,
6/Air Wolf (J) [hFFE][p1].nes,C580B854,6,,6,,header,0,1,
6/Arabian Dream Sharezaado (J) [hFFE][a1].nes,453847A2,6,,6,,header,0,1,
6/Arabian Dream Sherazaado (J) [hFFE].nes,B4CB019D,6,,6,,header,0,1,
6/Arkanoid 2 (J) [hFFE].nes,9C6868A8,6,,6,,header,0,1,
6/Arkanoid 2 (J) [hFFE][a1].nes,8FBF8C2C,6,,6,,header,0,1,
6/Bomberman 2 (J) [p1][hM02].nes,A0DDF884,66,,6,0,rom_db_override,0,1,
6/Captain Silver (J) [hFFE].nes,04656DB6,6,,6,,header,0,1,
6/Cosmo Police - Galivan (J) [h1].nes,1186771B,6,,6,,header,0,1,
6/Datsugoku (J) [hFFE][p1].nes,779362DC,6,,6,,header,0,1,
6/Dokuganryuu Masamune (J) [hFFE].nes,468084C9,6,,6,,header,0,1,
6/Donald Land (J) [hFFE].nes,710FA42B,6,,6,,header,0,1,
6/Double Dragon (J) [hFFE].nes,0EDD17E8,6,,6,,header,0,1,
6/Dragon Ball - Dai Maou Fukkattu (J) [hFFE].nes,8325A860,6,,6,,header,0,1,
6/Dragon Scroll - Yomigaerishi Maryuu (J) [hFFE].nes,CCA24CAF,6,,6,,header,0,1,
6/Dragon Scroll - Yomigaerishi Maryuu (J) [hFFE][a1].nes,DF5CA492,6,,6,,header,0,1,
6/Dragon Spirit - Aratanaru Densetsu (J) [hFFE].nes,AEA43C60,6,,6,,header,0,1,
6/Ganbare Goemon! - Karakuri Douchuu (J) [hFFE].nes,8ACD731F,6,,6,,header,0,1,
6/Ganbare Goemon! - Karakuri Douchuu (J) [hFFE][T-Eng].nes,06347771,6,,6,,header,0,1,
6/Ganbare Goemon! - Karakuri Douchuu (J) [hFFE][a1].nes,B71A15EB,6,,6,,header,0,1,
6/Ganbare Goemon! - Karakuri Douchuu (J) [hFFE][a2].nes,DB03CFF9,6,,6,,header,0,1,
6/Gegege no Kitarou 2 - Youkai Gundan no Chousen (J) [hFFE].nes,85F7414F,6,,6,,header,0,1,
6/Gegege no Kitarou 2 - Youkai Gundan no Chousen (J) [hFFE][a1].nes,0EB89998,6,,6,,header,0,1,
6/Gekikame Ninja Den (J) [hFFE][p1].nes,A56D19F5,6,,6,,header,0,1,
6/Gekitou Stadium!! (J) [hFFE][p1].nes,066279E9,6,,6,,header,0,1,
6/Getsufuu Maden (J) [hFFE].nes,674D4951,6,,6,,header,0,1,
6/Golgo 13 - Dai 1 Shou - Kamigami no Tasogare (J) [hFFE].nes,4675590A,6,,6,,header,0,1,
6/Golgo 13 - Dai 1 Shou - Kamigami no Tasogare (J) [hFFE][a1].nes,8F68DE44,6,,6,,header,0,1,
6/Great Tank (J) [hFFE][p1].nes,2BA391E1,6,,6,,header,0,1,
6/Gryzor (J) [hFFE].nes,6C30AE88,6,,6,,header,0,1,
6/Gryzor (J) [hM06].nes,E9E1F8C5,6,,6,,header,0,1,
6/Guevara (J) [hFFE].nes,F040B95B,6,,6,,header,0,1,
6/Haja no Fuuin (J) [hFFE].nes,DC925593,6,,6,,header,0,1,
6/Hanjuku Hero (J) [hM02].nes,9C015583,2,,6,0,rom_db_override,0,1,
6/Hatris (J) [p1][hM02].nes,C7CE1429,2,,6,0,rom_db_override,0,1,
6/Highway Star (J) [hM02].nes,24A0AA1A,2,,6,0,rom_db_override,0,1,
6/Holy Diver (J) [hFFE][p1].nes,7A73605B,6,,6,,header,0,1,
6/Hostages - The Embassy Mission (J) [hFFE][p1].nes,582EB3DB,6,,6,,header,0,1,
6/Ikari 3 (J) [hFFE][p1].nes,8A17C698,6,,6,,header,0,1,
6/Indora no Hikari (J) [hM02].nes,E8973B45,2,,6,0,rom_db_override,0,1,
6/Kamen Rider Kurabu (J) [hFFE].nes,90B824C3,6,,6,,header,0,1,
6/Kamen Rider Kurabu (J) [hFFE][a1].nes,D1241E75,6,,6,,header,0,1,
6/Kamen Rider Kurabu (J) [hFFE][a2].nes,D1241E75,6,,6,,header,0,1,
6/Melville's Flame (J) [hFFE][p1].nes,3E804644,6,,6,,header,0,1,
6/Mito Koumon (J) [hFFE].nes,2E6ECF0B,6,,6,,header,0,1,
6/Moero!! Pro Yakyuu (Red) (J) [hFFE].nes,0BDB0B60,6,,6,,header,0,1,
"6/Money Game, The (J) [h1].nes",8072B924,6,,6,,header,0,1,
6/Motocross Champion (J) [hFFE][p1].nes,8792183D,6,,6,,header,0,1,
6/Nekketsu Koukou Dodgeball Bu (J) [hFFE].nes,35C536E3,6,,6,,header,0,1,
6/New Ghostbusters 2 (J) [hFFE].nes,28E9B895,6,,6,,header,0,1,
6/Pocket Zaurus - Juu Ouken no Nazo (J) [hFFE].nes,322FB75F,6,,6,,header,0,1,
6/Saint Seiya - Ougon Densetsu (J) [hFFE].nes,88B86208,6,,6,,header,0,1,
6/Saint Seiya - Ougon Densetsu Kanketsu Hen (J) [hFFE].nes,956A1E7E,6,,6,,header,0,1,
6/Satomi Hakkenden (J) [p1][hFFE].nes,178DC8D5,6,,6,,header,0,1,
6/Sekiryuuou (J) [hFFE][p1].nes,CEC7E899,6,,6,,header,0,1,
6/Sensha Senryaku - Sabaku no Kitsune (J) [hFFE].nes,918C7974,6,,6,,header,0,1,
6/Shougun (J) [hM02].nes,818CE8AA,2,,6,0,rom_db_override,0,1,
6/Space Shadow (J) [hFFE][p1].nes,03B6596C,6,,6,,header,0,1,
6/Super Rugby (J) [hFFE][p1].nes,15100865,6,,6,,header,0,1,
6/Superman (J) [hFFE].nes,862E8F4D,6,,6,,header,0,1,
6/Tonjan! (J) [hFFE][p1].nes,89E9A93C,6,,6,,header,0,1,
6/Touhou Kenbun Roku (J) [hFFE][p1].nes,97A9D0B0,6,,6,,header,0,1,
6/Uchuusen - Cosmo Carrier (J) [hFFE].nes,068C7E4E,6,,6,,header,0,1,
6/Wai Wai World (J) [hFFE].nes,3CBF3B46,6,,6,,header,0,1,
6/Wai Wai World (J) [hFFE][T-Eng3.0].nes,373612C0,6,,6,,header,0,1,
6/Wai Wai World (J) [hFFE][a1].nes,4287D2D4,6,,6,,header,0,1,
6/World Boxing (J) [hFFE][p1].nes,169C3767,6,,6,,header,0,1,
6/World Super Tennis (J) [hFFE][p1].nes,093053C4,6,,6,,header,0,1,
6/ZZZ_UNK_FC3035garfield.nes,B493038F,6,,6,,header,0,1,
6/ZZZ_UNK_FC3039Akaiser_new.nes,0EA3AF89,6,,6,,header,0,1,
6/ZZZ_UNK_FC3040north&south(maybebad).nes,2241ED0A,6,,6,,header,0,1,
6/ZZZ_UNK_FC3041jackychan_maybebad.nes,2989785C,6,,6,,header,0,1,
6/ZZZ_UNK_FC4041.nes,207CCE2F,6,,6,,header,0,1,
6/ZZZ_UNK_FC4100.nes,F2260A74,6,,6,,header,0,1,
6/ZZZ_UNK_Saint Seiya - Ougon Densetsu (FFE Hack) (J) (262160).nes,87427E07,6,,6,,header,0,1,
6/Zenbei!! Pro Basket (J) [hFFE][p1].nes,1B171F6C,6,,6,,header,0,1,
60/Reset Based 4-in-1.nes,143B2F27,60,,60,0,rom_db_override,0,1,
61/20-in-1 (Mapper 61) [p1][!].nes,4BD3BECF,61,,61,0,rom_db_override,0,1,
62/Super 700-in-1 [!].nes,BC66994F,62,,62,0,rom_db_override,0,1,
64/1942 (JU).nes,171251E3,64,,0,0,rom_db_override,0,1,
64/Acid Hackman (Pac-Man Hack).nes,CC204D8F,64,,64,,header,0,1,
64/Adventures of Ice Mario (SMB1 Hack) [a1].nes,4B2C0DC4,64,,64,,header,0,1,
64/Balloon Fight (JU) [T-Port_BRGames].nes,B8ADCB5B,64,,64,,header,0,1,
64/Big Racing (F-1 Hack).nes,34EAD263,64,,0,0,rom_db_override,0,1,
64/Bloody Kong (Donkey Kong 3 Hack).nes,D78BAC0B,64,,64,,header,0,1,
64/Classic Knight (Mario Bros Hack).nes,46FFD337,64,,64,,header,0,1,
64/Clyde's Revenge (Pac-Man Hack).nes,B3110313,64,,64,,header,0,1,
64/Dokuganryuu Masamune (J) [h1].nes,5E88B80B,64,,64,,header,0,1,
64/Donkey Kong Classics (U).nes,703E1948,64,,64,,header,0,1,
64/Donkey Kong Ebola (Donkey Kong 3 Hack).nes,4FE7E28A,64,,64,,header,0,1,
64/Duck.nes,543C6EDE,64,,0,0,rom_db_override,0,1,
64/Excitebike (JU) [T-Span].nes,CE2BB6C5,64,,64,,header,0,1,
64/Excitebike Bug (Hack).nes,AB73177B,64,,64,,header,0,1,
64/Final Fantasy Bros (Mario Bros Hack).nes,33CD303E,64,,64,,header,0,1,
64/Galaga Plus (Galaga Hack).nes,21895537,64,,64,,header,0,1,
64/Galaga Trek (Galaga Hack).nes,336B29C6,64,,64,,header,0,1,
"64/Goonies, The (J) [hM03].nes",37EE82BC,64,,64,,header,0,1,
64/Hammer Bros (Final) (SMB1 Hack).nes,71354955,64,,64,,header,0,1,
64/Happy Mario (Mario Bros Hack).nes,D12EA5A0,64,,64,,header,0,1,
64/Headless Excitebike (Hack).nes,1C8AEF12,64,,64,,header,0,1,
64/Hyper Mario (SMB1 Hack) [a2].nes,4F878DB1,64,,64,,header,0,1,
64/Klax (U).nes,93F3A490,64,,64,0,rom_db_override,0,1,
64/KoRn Fu (Kung Fu Hack).nes,D1A15FD2,64,,64,,header,0,1,
64/Lot Lot (J) [p1].nes,716C3FCE,64,,0,0,rom_db_override,0,1,
64/Marathon (Excitebike Hack).nes,49EC4B19,64,,64,,header,0,1,
64/Mario 15 (SMB1 Hack).nes,3FA0060A,64,,64,,header,0,1,
64/Mario Bros (JU) [h1].nes,12B40A7C,64,,64,,header,0,1,
64/Mario Different Levels (Hack).nes,2C94DF9B,64,,64,,header,0,1,
64/Mario Ikki (Ikki Hack).nes,E5F21854,64,,64,,header,0,1,
64/Mario MI41 (SMB1 Hack) [a1].nes,2280B77A,64,,64,,header,0,1,
64/Mario Maze (Bomberman Hack).nes,882CDA2C,64,,64,,header,0,1,
64/Mario's Adventure (SMB1 Hack).nes,394DC9D1,64,,64,,header,0,1,
64/Mario's Stoneage Adventure (SMB1 Hack) [a1].nes,D1653FC7,64,,0,0,rom_db_override,0,1,
64/Mario's Stoneage Adventure (SMB1 Hack) [a2].nes,D1653FC7,64,,0,0,rom_db_override,0,1,
64/Millenium Mario v1.0 FINAL (SMB1 Hack).nes,170D8664,64,,64,,header,0,1,
64/Mr. Happyface (Ms Pac-Man Hack) [a1].nes,61C9AF2A,64,,64,,header,0,1,
64/Nuts & Milk by PE (Hack).nes,E58454B3,64,,64,,header,0,1,
64/Peach & Daisy - The Royal Quest (Alpha) (SMB1 Hack).nes,F9851525,64,,64,,header,0,1,
64/Peach's Nightmare - No Mercy (Beta) (SMB1 Hack).nes,CC0320BC,64,,64,,header,0,1,
64/Peach's Nightmare - No Mercy (SMB1 Hack).nes,3769FAF4,64,,64,,header,0,1,
64/Portopia Renzoku Satsujin Jiken (J) [h2].nes,9AEBD607,64,,64,,header,0,1,
64/Road Fighter (J) [T-Port].nes,57193058,64,,64,,header,0,1,
64/Road Runner (U).nes,B19A55DD,4,,64,0,rom_db_override,0,1,
64/Rolling Thunder (U).nes,F92BE3EC,4,,64,0,rom_db_override,0,1,
64/Shinobi (U).nes,EB0BDA7E,64,,64,0,rom_db_override,0,1,
64/Skull & Crossbones (U).nes,B422A67A,64,,64,0,rom_db_override,0,1,
64/Staraga (Galaga Hack).nes,A9B48359,64,,64,,header,0,1,
64/Super Cyborg Bros (SMB1 Hack).nes,10D835D4,64,,64,,header,0,1,
64/Super Duper Bros (SMB1 Hack).nes,15BF4D86,64,,64,,header,0,1,
64/Super KKK Bros (SMB1 Hack) [a1].nes,9FE9CAFB,64,,64,,header,0,1,
64/Super Lesbian (Super Arabian Hack).nes,E9CE253A,64,,64,,header,0,1,
64/Super Mario Adventure (SMB1 Hack).nes,B9CB44DB,64,,64,,header,0,1,
64/Super Mario Bros (JU) (PRG 0) [T-Port].nes,E72CF63D,64,,64,,header,0,1,
64/Super Mario Bros (JU) (PRG 0) [t1].nes,23C04755,64,,64,,header,0,1,
64/Super Mario Bros (JU) [h1].nes,8E2BD25C,64,,64,,header,0,1,
64/Super Mario Bros 1.5 (SMB1 Hack).nes,3FA0060A,64,,64,,header,0,1,
64/Thunder Mario v0.1 (SMB1 Hack) [a1].nes,0C34BE6A,64,,64,,header,0,1,
64/Thunder Mario v0.1 (SMB1 Hack).nes,CA870F7D,64,,64,,header,0,1,
64/Toad Bros (SMB1 Hack).nes,B4FD9489,64,,0,0,rom_db_override,0,1,
64/Warman (Pac-Man Hack).nes,3C307D90,64,,64,,header,0,1,
64/Wolfpack Classic (Mario Bros Hack).nes,264B7D56,64,,64,,header,0,1,
64/Yoda Bros (SMB1 Hack).nes,FCF19A0C,64,,0,0,rom_db_override,0,1,
65/Adventures in the Magic Kingdom (U) [a1].nes,26C7D763,65,,65,,header,0,1,
65/Battle Chess (U) [T-Span0.99].nes,E84BB844,65,,65,,header,0,1,
65/Bubble Bobble (U) [T-French].nes,FADE8713,65,,65,,header,0,1,
65/Castlevania 2 - Simon's Guest (Hack).nes,498BB622,65,,65,,header,0,1,
65/Castlevania 2 - Simon's Quest (U) [T-Span].nes,F2B594D2,65,,65,,header,0,1,
65/Castlevania 2 - Simon's Quest (U) [T-Span][a1].nes,F124D2E0,65,,65,,header,0,1,
65/Caveman Games (U).nes,7595C7FC,65,,65,,header,0,1,
65/Dark Cecil Bros (Mario Bros Hack).nes,98B2B82B,65,,65,,header,0,1,
65/Dead Bubble Bobble (Hack).nes,4A426D0E,65,,65,,header,0,1,
65/Demon Sword (U).nes,57C12280,65,,65,,header,0,1,
65/EZ Hell (Mario Bros Hack).nes,8386B7A2,65,,65,,header,0,1,
65/Excitebike Unicycle (Hack).nes,806B3C9E,65,,65,,header,0,1,
65/Fish Bros (Mario Bros Hack).nes,7362C592,65,,65,,header,0,1,
"65/Great Adventures of Weiny, The (Mario Bros Hack).nes",CD9D0C1C,65,,65,,header,0,1,
65/Ice Vs Joe Don Baker (Warpman Hack).nes,D3ACE6F0,65,,65,,header,0,1,
65/Mean Bubble Bobble (Hack).nes,B1167F9C,65,,65,,header,0,1,
65/Motor (Excitebike Hack).nes,51EF1F93,65,,0,0,rom_db_override,0,1,
65/Mushroom Bros (Mario Bros Hack).nes,666FA017,65,,65,,header,0,1,
65/Pac-Man Bubble Bobble (Hack).nes,B82E6E5E,65,,65,,header,0,1,
65/Peter Pan & The Pirates (U).nes,0FC72A80,65,,65,,header,0,1,
65/SCAT - Special Cybernetic Attack Team (U) [T-Port].nes,5F967441,65,,65,,header,0,1,
65/Sesame Street ABC (U) [a1].nes,33FC13E7,65,,65,,header,0,1,
65/Sesame Street ABC (U) [a2].nes,23E481C8,65,,65,,header,0,1,
65/Skeleton Bike (Excitebike Hack).nes,817CB134,65,,65,,header,0,1,
65/Stone Cold 316 and His Blob (Hack).nes,1DA11122,65,,65,,header,0,1,
65/Super Castlevania 2 (V.8) (Hack).nes,0F6B9905,65,,65,,header,0,1,
65/Tetris Remix (Hack).nes,FA1FD3EE,65,,65,,header,0,1,
65/Toad's Crazy Castle (Bugs Bunny Hack).nes,335D48CA,65,,65,,header,0,1,
65/ZZZ_UNK_LEETREVI.nes,46A91716,65,,65,,header,0,1,
66/Bio Senshi Dan - Increaser tono Tatakai (J) [hM66].nes,94E29FB8,66,,66,,header,0,1,
66/Doraemon (J) [h1].nes,7B0F3DE8,66,,66,,header,0,1,
66/Doraemon (J) [p1].nes,D538669C,66,,66,0,rom_db_override,0,1,
66/Doraemon World 3 (Doraemon Hack).nes,BDE3AE9B,120,,66,0,rom_db_override,0,1,
66/Dragon Ball - Shen Long no Nazo (J) [T-Eng].nes,85B3AF71,66,,66,,header,0,1,
66/Dragon Ball - Shen Long no Nazo (J) [p1].nes,738275D9,66,,66,0,rom_db_override,0,1,
66/Dragon Power (U).nes,811F06D9,66,,66,0,rom_db_override,0,1,
66/Gumshoe (UE).nes,BEB8AB01,66,,66,0,rom_db_override,0,1,
66/Jackal (U) [T-Port].nes,F610EC76,66,,66,,header,0,1,
66/Mega Man - Wily's Conquest (Mega Man Hack).nes,ACB01473,66,,66,,header,0,1,
66/Mobile Suit Z Gundam - Hot Scramble (J) [p1].nes,9F056212,66,,66,0,rom_db_override,0,1,
66/Super Mario Bros - Duck Hunt (E).nes,91B4B1D7,66,,66,0,rom_db_override,0,1,
66/Super Mario Bros - Duck Hunt (U).nes,D26EFD78,66,,66,0,rom_db_override,0,1,
66/Thunder & Lightning (U).nes,7A10D10D,66,,66,,header,0,1,
66/ZZZ_UNK_Bomber King (J)a.nes,848C84EE,66,,66,,header,0,1,
66/ZZZ_UNK_Doraemon (Bad CHR 62b90a0c).nes,62B90A0C,66,,66,,header,0,1,
66/ZZZ_UNK_Dragon Power (Bad CHR 9827baad).nes,9827BAAD,66,,66,,header,0,1,
66/ZZZ_UNK_MAZEOFGA.nes,C85E180B,66,,66,,header,0,1,
67/Knife Boy (Paperboy Hack) [a1].nes,EABFDEC6,67,,67,,header,0,1,
67/Knife Boy (Paperboy Hack).nes,78FCA4AD,67,,67,,header,0,1,
67/Mario Ninja (Musashi no Ken Hack).nes,BF657130,67,,67,,header,0,1,
67/Papergirl (Paperboy Hack).nes,4C05CF6B,67,,67,,header,0,1,
67/Platoon (VS).nes,2019FE65,1,,67,0,rom_db_override,0,1,
67/Porno Island (Hack).nes,E21E80C5,67,,67,,header,0,1,
67/Puzzle (U) [a2].nes,DD1D4355,67,,67,,header,0,1,
67/Puzzle (U) [a3].nes,B3DC6606,67,,67,,header,0,1,
67/Shui Guo Li [a1].nes,8DEDEA07,67,,3,2,rom_db_override,0,1,
67/TwinBee (J) [h2].nes,418D26D7,67,,67,,header,0,1,
67/TwinBee (J) [h3].nes,1309A75F,67,,67,,header,0,1,
67/ZZZ_UNK_City Connection (U).nes,E8CD5A30,67,,67,,header,0,1,
68/After Burner (U).nes,F699EE7E,68,,68,0,rom_db_override,0,1,
68/Crystalis (U) [a2].nes,502E3B53,68,,68,,header,0,1,
68/Final Fantasy Epic (Gauntlet Hack).nes,50D3EFB8,68,,68,,header,0,1,
68/Gauntlet (Unl) (U) [h1].nes,85BFDC4C,68,,68,,header,0,1,
68/Gauntlet XXX (Gauntlet Hack).nes,C55C8D8F,68,,68,,header,0,1,
68/Mauntlet (Gauntlet Hack).nes,B45B197E,68,,68,,header,0,1,
68/Pac-Mix 2 (SMB2 Hack).nes,0B22A50C,68,,68,,header,0,1,
68/Questionable Crystalis (Hack) [a1].nes,C18E6FCF,68,,68,,header,0,1,
69/Batman - Return of the Joker (U).nes,03EC46AF,69,,69,0,rom_db_override,0,1,
69/Castlevania 3 - Dracula's Curse (U) [T-Port].nes,5909A98F,69,,69,,header,0,1,
69/MarioVania (Castlevania 3 Hack).nes,5C56FA07,69,,69,,header,0,1,
69/Mr. Gimmick (E) [!].nes,A713DD30,69,,69,0,rom_db_override,0,1,
7/1/Cobra Triangle (E).nes,898E4232,7,,7,1,rom_db_override,0,1,
7/1/Cobra Triangle (U).nes,C8AD4F32,7,,7,1,rom_db_override,0,1,
7/1/Double Dare (U).nes,2B378D11,7,,7,1,rom_db_override,0,1,
7/1/Ironsword - Wizards & Warriors 2 (E) [!].nes,694C801F,7,,7,1,rom_db_override,0,1,
7/1/Ironsword - Wizards & Warriors 2 (U).nes,2328046E,7,,7,1,rom_db_override,0,1,
7/1/Jeopardy! 25th Anniversary Edition (U).nes,0BDD8DD9,7,,7,1,rom_db_override,0,1,
7/1/Jeopardy! Junior Edition (U).nes,6A88579F,7,,7,1,rom_db_override,0,1,
7/1/Marble Madness (E).nes,51BF28AF,7,,7,1,rom_db_override,0,1,
7/1/Marble Madness (U).nes,09874777,7,,7,1,rom_db_override,0,1,
7/1/RC Pro-Am (E) (PRG 0).nes,E5A972BE,7,,7,1,rom_db_override,0,1,
7/1/Solstice (E) [!].nes,7CB0D70D,7,,7,1,rom_db_override,0,1,
7/1/Solstice (U).nes,EDCF1B71,7,,7,1,rom_db_override,0,1,
7/1/WWF Wrestlemania (U).nes,37138039,7,,7,1,rom_db_override,0,1,
7/1/Wheel of Fortune (U).nes,FBF8A785,7,,7,1,rom_db_override,0,1,
7/1/Wheel of Fortune - Starring Vanna White (U).nes,4220C170,7,,7,1,rom_db_override,0,1,
7/1/Wheel of Fortune Family Edition (U).nes,009AF6BE,7,,7,1,rom_db_override,0,1,
7/1/Wheel of Fortune Junior Edition (U).nes,68383607,7,,7,1,rom_db_override,0,1,
7/1/Who Framed Roger Rabbit (U).nes,12B2C361,7,,7,1,rom_db_override,0,1,
7/1/Wizards & Warriors (E).nes,5E6D9975,7,,7,1,rom_db_override,0,1,
7/1/Wizards & Warriors (U).nes,505F9715,7,,7,1,rom_db_override,0,1,
7/1/World Games (U).nes,F613A8F9,7,,7,1,rom_db_override,0,1,
7/2/Aladdin (E) [!].nes,41D32FD7,7,,7,2,rom_db_override,0,1,
7/2/Arch Rivals (U).nes,C740EB46,7,,7,2,rom_db_override,0,1,
7/2/Battletoads (E).nes,524A5A32,7,,7,2,rom_db_override,0,1,
7/2/Battletoads (U).nes,279710DC,7,,7,2,rom_db_override,0,1,
7/2/Battletoads Double Dragon (E).nes,23D7D48F,7,,7,2,rom_db_override,0,1,
7/2/Battletoads Double Dragon (U).nes,CEB65B06,7,,7,2,rom_db_override,0,1,
7/2/Beetlejuice (U) [!].nes,EB84C54C,7,,7,2,rom_db_override,0,1,
7/2/Cabal (U).nes,BDF046EF,7,,7,2,rom_db_override,0,1,
7/2/Captain SkyHawk (U).nes,F518DD58,7,,7,2,rom_db_override,0,1,
7/2/Danny Sullivan's Indy Heat (U).nes,C1B43207,7,,7,2,rom_db_override,0,1,
7/2/Digger - The Legend of the Lost City (U).nes,1CEE0C21,7,,7,2,rom_db_override,0,1,
7/2/Digger T. Rock - The Legend of the Lost City (E).nes,96CFB4D8,7,,7,2,rom_db_override,0,1,
7/2/Ivan Ironman Stewart's Super Offroad (U).nes,4B041B6B,7,,7,2,rom_db_override,0,1,
"7/2/Lion King, The (E).nes",89984244,7,,7,2,rom_db_override,0,1,
7/2/NARC (U).nes,0537322A,7,,7,2,rom_db_override,0,1,
"7/2/Nightmare On Elm Street, A (U).nes",DA2CB59A,7,,7,2,rom_db_override,0,1,
7/2/RC Pro-Am 2 (U).nes,9EDD2159,7,,7,2,rom_db_override,0,1,
7/2/Solar Jetman - Hunt for the Golden Warpship (E).nes,8904149E,7,,7,2,rom_db_override,0,1,
7/2/Solar Jetman - Hunt for the Golden Warpship (U).nes,8111BA08,7,,7,2,rom_db_override,0,1,
7/2/Super Off-Road (E) [!].nes,05104517,7,,7,2,rom_db_override,0,1,
7/2/Time Lord (E).nes,9198279E,7,,7,2,rom_db_override,0,1,
7/2/Time Lord (U).nes,13D5B1A4,7,,7,2,rom_db_override,0,1,
7/2/Wizards & Warriors 3 (U).nes,D2562072,7,,7,2,rom_db_override,0,1,
7/Aladdin (E) [!].nes,41D32FD7,7,,7,2,rom_db_override,0,1,
7/Battletoads (U) [p1].nes,FE07C1D5,7,,7,,header,0,1,
7/Cabal (U) [a1].nes,8E838BC3,7,,7,,header,0,1,
7/Caesar's Palace (U).nes,4C7C1AF3,7,,7,,header,0,1,
7/Captain SkyHawk (PC10) [!].nes,FFF224B4,7,,7,,header,0,1,
7/Classic Concentration (U).nes,932FF06E,7,,7,,header,0,1,
7/Commando (U) [T-Port].nes,B84451FB,7,,7,,header,0,1,
7/Commando (U) [hM07][p1].nes,975CCFEB,7,,7,,header,0,1,
7/Hollywood Squares (U).nes,A8138860,7,,7,,header,0,1,
7/Jeopardy! (U).nes,D5C71458,7,,7,,header,0,1,
"7/Nightmare On Elm Street, A (U) [T-Port].nes",6859C704,7,,7,,header,0,1,
7/WWF Wrestlemania Challenge (U) [hM07].nes,3C9FE649,7,,7,,header,0,1,
7/Wheel of Fortune (U) [h1].nes,F2DC331B,7,,7,,header,0,1,
7/Who Framed Roger Rabbit (U) [a1].nes,2D932EA2,7,,7,,header,0,1,
71/1/Fire Hawk (U).nes,1BC686A8,71,,71,1,rom_db_override,0,1,
71/Bee 52 (U).nes,6C93377C,71,,71,0,rom_db_override,0,1,
71/Big Nose Freaks Out (Aladdin) (U).nes,CCDCBFC6,71,,71,0,rom_db_override,0,1,
71/Big Nose Freaks Out (U).nes,5B2B72CB,71,,71,0,rom_db_override,0,1,
71/Big Nose the Caveman (U).nes,BD154C3E,71,,71,0,rom_db_override,0,1,
71/Dizzy The Adventurer (Aladdin) (U).nes,DB99D0CB,71,,71,0,rom_db_override,0,1,
"71/Fantastic Adventures of Dizzy, The (Aladdin) (UE).nes",F732C8FD,2,,71,0,rom_db_override,0,1,
"71/Fantastic Adventures of Dizzy, The (U).nes",38FBCC85,71,,71,0,rom_db_override,0,1,
71/Linus Spacehead's Cosmic Crusade (Aladdin) (U).nes,9E379698,71,,71,0,rom_db_override,0,1,
71/Micro Machines (Aladdin) (UE).nes,24BA12DD,71,,71,0,rom_db_override,0,1,
71/Mig-29 Soviet Fighter (U).nes,E62E3382,71,,71,0,rom_db_override,0,1,
71/Quattro Adventure (U) [h1].nes,C06D7B2B,71,,71,,header,0,1,
71/Quattro Arcade (U) [h1].nes,BCE77954,71,,71,,header,0,1,
71/Quattro Sports (U) [h1].nes,70128EBB,71,,71,,header,0,1,
71/Solstice (U) [a1].nes,95AD6D57,71,,71,,header,0,1,
71/Stunt Kids (U).nes,3A990EE0,71,,71,0,rom_db_override,0,1,
71/Ultimate Stuntman (U).nes,892434DD,2,,71,0,rom_db_override,0,1,
71/ZZZ_UNK_CosmicSpacehead.nes,70F31D2C,71,,71,0,rom_db_override,0,1,
71/ZZZ_UNK_Dizzy the Adventurer (Unl).nes,D8EB3620,71,,71,,header,0,1,
72/Doraemon (J) [h2].nes,F06498A8,72,,8,0,rom_db_override,0,1,
73/Punch-Out!! (U).nes,BE939FCE,73,,73,,header,0,1,
73/ZZZ_UNK_Salamander (Bad CHR 4295f026).nes,4295F026,73,,73,,header,0,1,
74/Di 4 Ci - Ji Qi Ren Dai Zhan (Chinese).nes,054BD3E9,74,,74,0,rom_db_override,0,1,
74/Jia A Fung Yun (Chinese).nes,AE854CEF,4,,74,0,rom_db_override,0,1,
75/Ganbare Goemon! - Karakuri Douchuu (J) [T-Eng1.00].nes,D2092B62,75,,75,,header,0,1,
75/Ganbare Goemon! - Karakuri Douchuu (J) [T-Eng1.01].nes,32EFF329,75,,75,,header,0,1,
75/Ganbare Goemon! - Karakuri Douchuu (J) [T-Eng1.02].nes,D2092B62,75,,75,,header,0,1,
79/Blackjack (U).nes,E054A381,79,,79,,header,0,1,
79/Deathbots (U) [a1].nes,BEE54426,7,,79,0,rom_db_override,0,1,
79/Deathbots (U).nes,8EAB381C,113,,79,0,rom_db_override,0,1,
79/Double Strike (U) (V1.0).nes,1EB4A920,79,,79,0,rom_db_override,0,1,
79/Double Strike (U) (V1.1).nes,C682E53C,79,,79,0,rom_db_override,0,1,
79/Dudes With Attitude (U).nes,BD29178A,79,,79,0,rom_db_override,0,1,
79/F-15 City War (U) [a1].nes,A4FBB438,79,,79,,header,0,1,
79/F-15 City War (U).nes,D4A76B07,79,,79,,header,0,1,
79/Fire Hawk (U) [a1].nes,827BFDA8,79,,79,,header,0,1,
79/Krazy Kreatures (U) [a1].nes,637FE65C,3,,79,0,rom_db_override,0,1,
79/Krazy Kreatures (U).nes,85323FD6,79,,79,0,rom_db_override,0,1,
79/Mahjong Companion [!].nes,48239B42,113,,79,0,rom_db_override,0,1,
79/Mermaids of Atlantis (U).nes,F05870D5,8,,79,0,rom_db_override,0,1,
79/Metal Fighter (U) [p1][!].nes,0554394F,113,,79,0,rom_db_override,0,1,
79/Papillion [!].nes,B6A727FA,113,,79,0,rom_db_override,0,1,
79/Puzzle (U).nes,0F0F9C73,79,,79,,header,0,1,
79/Rad Racket - Deluxe Tennis 2 (U) [!].nes,BDE7A7B5,113,,79,0,rom_db_override,0,1,
79/Side Winder (HES) [!].nes,A62B79E1,113,,79,0,rom_db_override,0,1,
79/Solitaire (U).nes,8DCC9949,79,,79,,header,0,1,
79/Tiles of Fate (U).nes,3E1271D5,79,,79,0,rom_db_override,0,1,
79/Trolls on Treasure Island (U) [a1].nes,791953F3,79,,79,,header,0,1,
79/Trolls on Treasure Island (U).nes,C47EFC0E,79,,79,0,rom_db_override,0,1,
79/Ultimate League Soccer (U).nes,831F9C1A,79,,79,0,rom_db_override,0,1,
79/Venice Beach Volleyball (U).nes,882E1901,79,,79,0,rom_db_override,0,1,
79/ZZZ_UNK_Blackjack (Unl) (Bad CHR aacfe79d).nes,AACFE79D,79,,79,,header,0,1,
79/ZZZ_UNK_Double Strike (Unl) (Bad CHR 8841a124).nes,8841A124,79,,79,,header,0,1,
79/ZZZ_UNK_Dudes With Attitude (Unl) (Bad CHR 9d22d375).nes,9D22D375,79,,79,,header,0,1,
8/Doraemon (J) [h2].nes,F06498A8,72,,8,0,rom_db_override,0,1,
8/Dragon Ball - Shen Long no Nazo (J) [hM08].nes,D51FA7F1,8,,8,0,rom_db_override,0,1,
80/Baltron (J) [h1].nes,49023CEA,80,,0,0,rom_db_override,0,1,
80/Mario Rage (SMB1 Hack).nes,8DB94F81,80,,80,,header,0,1,
83/1/World Heroes 2.nes,23386B90,83,,83,1,rom_db_override,0,1,
83/2/Dragon Ball Z 4-in-1 [p1][!].nes,9C42E662,83,,83,2,rom_db_override,0,1,
83/Garou Densetsu 2 [a1].nes,A7996B6F,83,,83,,header,0,1,
83/Garou Densetsu 2 [a2].nes,A9E70766,83,,83,0,rom_db_override,0,1,
83/Garou Densetsu 2.nes,CDB8C6A5,83,,83,0,rom_db_override,0,1,
"87/Goonies, The (PC10).nes",E6DF6616,3,,87,0,rom_db_override,0,1,
87/ZZZ_UNK_City Connection (Mapper 3 Hack) (Bad CHR 7bc3658c).nes,7BC3658C,87,,87,,header,0,1,
"87/ZZZ_UNK_Goonies, The (Bad CHR 84d1345f).nes",84D1345F,87,,87,,header,0,1,
88/Quinty (J) [hM04].nes,EB75CA30,88,,88,,header,0,1,
88/ZZZ_UNK_Devil Man (Bad CHR 605af98a).nes,605AF98A,88,,88,,header,0,1,
9/Mike Tyson's Bite Off (Hack).nes,FD700F46,9,,9,,header,0,1,
9/Mike Tyson's Punch-Out!! (E) (PRG 0) [!].nes,3A4D4D10,9,,9,0,rom_db_override,0,1,
9/Mike Tyson's Punch-Out!! (E) (PRG 1) [!].nes,25551F3F,9,,9,0,rom_db_override,0,1,
"9/Mike Tyson's Punch-Out!! (Japan, USA) (Rev 1).nes",2C818014,9,,9,0,rom_db_override,0,1,
9/Mike Tyson's Punch-Out!! (PC10).nes,7B837FDE,9,,9,0,rom_db_override,0,1,
9/Mike Tyson's Punch-Out!! (U) (PRG 0).nes,92A2185C,9,,9,0,rom_db_override,0,1,
9/Mike Tyson's Punch-Out!! (U) (PRG 1) [h1].nes,67E1C05C,9,,9,,header,0,1,
9/Mike Tyson's Punch-Out!! (U) (PRG 1) [h2].nes,EF55C5B8,9,,9,,header,0,1,
9/Mike Tyson's Punch-Out!! (U) (PRG 1).nes,2C818014,9,,9,0,rom_db_override,0,1,
9/Nude Punch Out (Hack).nes,A26FC3F5,9,,9,,header,0,1,
9/Punch Out!! Kirby (Hack).nes,9A836761,9,,9,0,rom_db_override,0,1,
9/Punch-Out!! (E) [!].nes,D229FD5C,9,,9,0,rom_db_override,0,1,
90/Aladdin (E) [p1].nes,1306EE62,160,,90,0,rom_db_override,0,1,
90/Final Fight 3 [!].nes,362000F0,90,,90,0,rom_db_override,0,1,
90/Mortal Kombat 3 - Special 56 Peoples.nes,44C3D8F8,90,,90,,header,0,1,
90/Super Mario World.nes,D63D6B36,90,,90,,header,0,1,
90/Tekken 2 [a1].nes,D34460DB,90,,90,,header,0,1,
90/Tekken 2.nes,FC78ACAF,90,,90,0,rom_db_override,0,1,
90/ZZZ_UNK_MORTAL KOMBAT 3 (655376).nes,6D2CDF9A,90,,90,,header,0,1,
91/Mari Street Fighter 3 Turbo.nes,E124BC56,91,,91,0,rom_db_override,0,1,
91/Street Fighter 2 Pro.nes,E72A32AA,91,,91,,header,0,1,
91/Street Fighter 3.nes,A09AA82C,91,,91,0,rom_db_override,0,1,
93/Fantasy Zone (J) [hM02].nes,6F365E7B,93,,2,1,rom_db_override,0,1,
95/Dragon Buster (J) [h1].nes,59138E01,95,,95,,header,0,1,
96/Mario Mixed Fruit (SMB1 Hack).nes,0A6157C5,96,,96,,header,0,1,
98/Final Fantasy 2 (J) [T-Eng3-7-97][a2].nes,9A590C8A,98,,98,,header,0,1,
98/Final Fantasy 2 (J) [hM02][T-Eng1.02][a4].nes,C5C1BC65,98,,98,,header,0,1,
98/Final Fantasy 2 Special Edition v1.03 (Hack).nes,6F986A86,98,,98,,header,0,1,
99/Balloon Fight (VS) [!].nes,D699AE69,99,,99,,header,0,1,
99/Baseball (VS) (Player 1 Mode) [a1].nes,6750CA0F,99,,99,,header,0,1,
99/Baseball (VS) (Player 1 Mode) [a2].nes,2B511B51,99,,99,,header,0,1,
99/Baseball (VS) (Player 2 Mode) [a1].nes,D319144F,99,,99,,header,0,1,
99/Baseball (VS) (Player 2 Mode) [a2].nes,7712BD99,99,,99,,header,0,1,
99/Baseball (VS) [!].nes,F11649E5,99,,99,,header,0,1,
99/Battle City (Bootleg) (VS).nes,B2816BF9,99,,99,,header,0,1,
99/Battle City (VS).nes,01357944,99,,99,0,rom_db_override,0,1,
99/Clu Clu Land (VS).nes,0FA322C2,99,,99,0,rom_db_override,0,1,
99/Duck Hunt (VS).nes,ABE1A0C2,99,,99,0,rom_db_override,0,1,
99/Excitebike (VS) [a1].nes,FB0DDDE7,99,,99,0,rom_db_override,0,1,
99/Excitebike (VS).nes,C95321A8,99,,99,0,rom_db_override,0,1,
99/Golf (VS).nes,B1C4C508,99,,99,0,rom_db_override,0,1,
99/Hogan's Alley (VS).nes,16AA4E2D,99,,99,,header,0,1,
99/Ice Climber (VS) (Player 1 Mode).nes,CBBEFD1F,99,,99,,header,0,1,
99/Ice Climber (VS) (Player 2 Mode).nes,32CD7DE2,99,,99,,header,0,1,
99/Ice Climber (VS).nes,EF7AF338,99,,99,0,rom_db_override,0,1,
99/Ladies Golf (VS).nes,63ABF889,99,,99,0,rom_db_override,0,1,
99/Mach Rider (VS).nes,E8B20197,99,,99,0,rom_db_override,0,1,
99/Mahjong (VS) [!].nes,FBA769F6,99,,99,,header,0,1,
99/Ninja Jajamaru Kun (VS).nes,C20E9CA7,99,,99,0,rom_db_override,0,1,
99/Pinball (VS) [a1].nes,66471EFE,99,,99,0,rom_db_override,0,1,
99/Pinball (VS).nes,CA3E9B1A,99,,99,0,rom_db_override,0,1,
99/Soccer (VS).nes,766C2CAC,99,,99,0,rom_db_override,0,1,
99/Star Luster (VS).nes,159EF3C1,99,,99,0,rom_db_override,0,1,
99/Stroke and Match Golf (VS) [!].nes,9768E5E0,99,,99,0,rom_db_override,0,1,
99/Super Skater (VS).nes,CBA9144D,99,,99,,header,0,1,
99/Tennis (VS) [!].nes,5DBEBD53,99,,99,,header,0,1,
99/Tennis (VS).nes,1C6BA3B2,99,,99,,header,0,1,
99/Tetris (VS) [a1].nes,6B6F2442,99,,99,,header,0,1,
99/Tetris (VS).nes,E9A6F17D,99,,99,,header,0,1,
99/VS Slalom (VS).nes,9AE2BAA0,0,,99,0,rom_db_override,0,1,
99/VS Super Mario Bros (VS) [a1].nes,7CFF0F84,99,,99,0,rom_db_override,0,1,
99/VS Super Mario Bros (VS).nes,98E3C75A,3,,99,0,rom_db_override,0,1,
99/Wrecking Crew (VS) [!].nes,01B07343,99,,99,,header,0,1,
